task,model,is_inst,is_reasoning_model,threshold_fitted,threshold,threshold_obj,accuracy,balanced_accuracy,bench_hash,num_shots,prompt_format,prompt_connector,prompt_granularity,prompt_feature_order,prompt_example_order,prompt_example_composition,eval_results_path,predictions_path,correct_order_bias,reasoning_effort,generation_seed,qa_mode,responses_path
ACSEmployment,Qwen/Qwen3-14B,0,1,1,0.31,balanced_accuracy,0.8052,0.8104954215324846,1177111668,0,bullet,is,original,default,,,results/0-bullet-is/model-Qwen--Qwen3-14B/Qwen--Qwen3-14B_task-ACSEmployment/Qwen--Qwen3-14B_bench-1177111668/results.bench-1177111668.json,results/0-bullet-is/model-Qwen--Qwen3-14B/Qwen--Qwen3-14B_task-ACSEmployment/Qwen--Qwen3-14B_bench-1011930928/ACSEmployment_subsampled-0.0155_seed-42_hash-1350489014.test_predictions.csv,1,1,478,numeric,results/0-bullet-is/model-Qwen--Qwen3-14B/Qwen--Qwen3-14B_task-ACSEmployment/Qwen--Qwen3-14B_bench-1011930928/ACSEmployment_subsampled-0.0155_seed-42_hash-1350489014.test_responses.csv
ACSEmployment,Qwen/Qwen3-14B,0,1,1,0.36,balanced_accuracy,0.8127433409554415,0.8153986688582899,1195112518,0,bullet,is,original,default,,,results/0-bullet-is/model-Qwen--Qwen3-14B/Qwen--Qwen3-14B_task-ACSEmployment/Qwen--Qwen3-14B_bench-1195112518/results.bench-1195112518.json,results/0-bullet-is/model-Qwen--Qwen3-14B/Qwen--Qwen3-14B_task-ACSEmployment/Qwen--Qwen3-14B_bench-3271506777/ACSEmployment_subsampled-0.05_seed-42_hash-3454525026.test_predictions.csv,1,1,179,numeric,results/0-bullet-is/model-Qwen--Qwen3-14B/Qwen--Qwen3-14B_task-ACSEmployment/Qwen--Qwen3-14B_bench-3271506777/ACSEmployment_subsampled-0.05_seed-42_hash-3454525026.test_responses.csv
ACSEmployment,Qwen/Qwen3-14B,0,1,1,1.0,balanced_accuracy,0.7002,0.7232902271492893,1200739635,0,bullet,is,original,default,,,results/0-bullet-is/model-Qwen--Qwen3-14B/Qwen--Qwen3-14B_task-ACSEmployment/Qwen--Qwen3-14B_bench-1200739635/results.bench-1200739635.json,results/0-bullet-is/model-Qwen--Qwen3-14B/Qwen--Qwen3-14B_task-ACSEmployment/Qwen--Qwen3-14B_bench-708360121/ACSEmployment_subsampled-0.0155_seed-42_hash-853989219.test_predictions.csv,1,0,562,mcq,results/0-bullet-is/model-Qwen--Qwen3-14B/Qwen--Qwen3-14B_task-ACSEmployment/Qwen--Qwen3-14B_bench-708360121/ACSEmployment_subsampled-0.0155_seed-42_hash-853989219.test_responses.csv
ACSEmployment,Qwen/Qwen3-14B,0,1,1,0.47,balanced_accuracy,0.7722637661454793,0.782493785054104,1351199975,0,bullet,is,original,default,,,results/0-bullet-is/model-Qwen--Qwen3-14B/Qwen--Qwen3-14B_task-ACSEmployment/Qwen--Qwen3-14B_bench-1351199975/results.bench-1351199975.json,results/0-bullet-is/model-Qwen--Qwen3-14B/Qwen--Qwen3-14B_task-ACSEmployment/Qwen--Qwen3-14B_bench-2861258895/ACSEmployment_subsampled-0.05_seed-42_hash-3454525026.test_predictions.csv,1,0,179,numeric,results/0-bullet-is/model-Qwen--Qwen3-14B/Qwen--Qwen3-14B_task-ACSEmployment/Qwen--Qwen3-14B_bench-2861258895/ACSEmployment_subsampled-0.05_seed-42_hash-3454525026.test_responses.csv
ACSEmployment,Qwen/Qwen3-14B,0,1,1,0.5,balanced_accuracy,0.765403868734936,0.7769955153843489,1461884641,0,bullet,is,original,default,,,results/0-bullet-is/model-Qwen--Qwen3-14B/Qwen--Qwen3-14B_task-ACSEmployment/Qwen--Qwen3-14B_bench-1461884641/results.bench-1461884641.json,results/0-bullet-is/model-Qwen--Qwen3-14B/Qwen--Qwen3-14B_task-ACSEmployment/Qwen--Qwen3-14B_bench-1461884641/ACSEmployment_subsampled-0.05_seed-42_hash-3454525026.test_predictions.csv,1,0,264,numeric,results/0-bullet-is/model-Qwen--Qwen3-14B/Qwen--Qwen3-14B_task-ACSEmployment/Qwen--Qwen3-14B_bench-1461884641/ACSEmployment_subsampled-0.05_seed-42_hash-3454525026.test_responses.csv
ACSEmployment,Qwen/Qwen3-14B,0,1,1,0.45,balanced_accuracy,0.8122489339348619,0.8135893246900225,1569277640,0,bullet,is,original,default,,,results/0-bullet-is/model-Qwen--Qwen3-14B/Qwen--Qwen3-14B_task-ACSEmployment/Qwen--Qwen3-14B_bench-1569277640/results.bench-1569277640.json,results/0-bullet-is/model-Qwen--Qwen3-14B/Qwen--Qwen3-14B_task-ACSEmployment/Qwen--Qwen3-14B_bench-2952770401/ACSEmployment_subsampled-0.05_seed-42_hash-3454525026.test_predictions.csv,1,1,42,numeric,results/0-bullet-is/model-Qwen--Qwen3-14B/Qwen--Qwen3-14B_task-ACSEmployment/Qwen--Qwen3-14B_bench-2952770401/ACSEmployment_subsampled-0.05_seed-42_hash-3454525026.test_responses.csv
ACSEmployment,Qwen/Qwen3-14B,0,1,1,0.5,balanced_accuracy,0.7642296520610593,0.7762692540140197,2004995302,0,bullet,is,original,default,,,results/0-bullet-is/model-Qwen--Qwen3-14B/Qwen--Qwen3-14B_task-ACSEmployment/Qwen--Qwen3-14B_bench-2004995302/results.bench-2004995302.json,results/0-bullet-is/model-Qwen--Qwen3-14B/Qwen--Qwen3-14B_task-ACSEmployment/Qwen--Qwen3-14B_bench-2004995302/ACSEmployment_subsampled-0.05_seed-42_hash-3454525026.test_predictions.csv,1,0,42,numeric,results/0-bullet-is/model-Qwen--Qwen3-14B/Qwen--Qwen3-14B_task-ACSEmployment/Qwen--Qwen3-14B_bench-2004995302/ACSEmployment_subsampled-0.05_seed-42_hash-3454525026.test_responses.csv
ACSEmployment,Qwen/Qwen3-14B,0,1,1,0.5,balanced_accuracy,0.7595945862431247,0.771713331049323,2263759428,0,bullet,is,original,default,,,results/0-bullet-is/model-Qwen--Qwen3-14B/Qwen--Qwen3-14B_task-ACSEmployment/Qwen--Qwen3-14B_bench-2263759428/results.bench-2263759428.json,results/0-bullet-is/model-Qwen--Qwen3-14B/Qwen--Qwen3-14B_task-ACSEmployment/Qwen--Qwen3-14B_bench-2263759428/ACSEmployment_subsampled-0.05_seed-42_hash-3454525026.test_predictions.csv,1,0,478,numeric,results/0-bullet-is/model-Qwen--Qwen3-14B/Qwen--Qwen3-14B_task-ACSEmployment/Qwen--Qwen3-14B_bench-2263759428/ACSEmployment_subsampled-0.05_seed-42_hash-3454525026.test_responses.csv
ACSEmployment,Qwen/Qwen3-14B,0,1,1,0.39,balanced_accuracy,0.8116927260367097,0.8144444350346643,2677667754,0,bullet,is,original,default,,,results/0-bullet-is/model-Qwen--Qwen3-14B/Qwen--Qwen3-14B_task-ACSEmployment/Qwen--Qwen3-14B_bench-2677667754/results.bench-2677667754.json,results/0-bullet-is/model-Qwen--Qwen3-14B/Qwen--Qwen3-14B_task-ACSEmployment/Qwen--Qwen3-14B_bench-94206616/ACSEmployment_subsampled-0.05_seed-42_hash-3454525026.test_predictions.csv,1,1,562,numeric,results/0-bullet-is/model-Qwen--Qwen3-14B/Qwen--Qwen3-14B_task-ACSEmployment/Qwen--Qwen3-14B_bench-94206616/ACSEmployment_subsampled-0.05_seed-42_hash-3454525026.test_responses.csv
ACSEmployment,Qwen/Qwen3-14B,0,1,1,0.5,balanced_accuracy,0.7574,0.7708682074167961,2769824153,0,bullet,is,original,default,,,results/0-bullet-is/model-Qwen--Qwen3-14B/Qwen--Qwen3-14B_task-ACSEmployment/Qwen--Qwen3-14B_bench-2769824153/results.bench-2769824153.json,results/0-bullet-is/model-Qwen--Qwen3-14B/Qwen--Qwen3-14B_task-ACSEmployment/Qwen--Qwen3-14B_bench-2769824153/ACSEmployment_subsampled-0.0155_seed-42_hash-1350489014.test_predictions.csv,1,0,562,numeric,results/0-bullet-is/model-Qwen--Qwen3-14B/Qwen--Qwen3-14B_task-ACSEmployment/Qwen--Qwen3-14B_bench-2769824153/ACSEmployment_subsampled-0.0155_seed-42_hash-1350489014.test_responses.csv
ACSEmployment,Qwen/Qwen3-14B,0,1,1,0.5,balanced_accuracy,0.7556,0.7676306812153066,4219089539,0,bullet,is,original,default,,,results/0-bullet-is/model-Qwen--Qwen3-14B/Qwen--Qwen3-14B_task-ACSEmployment/Qwen--Qwen3-14B_bench-4219089539/results.bench-4219089539.json,results/0-bullet-is/model-Qwen--Qwen3-14B/Qwen--Qwen3-14B_task-ACSEmployment/Qwen--Qwen3-14B_bench-4219089539/ACSEmployment_subsampled-0.0155_seed-42_hash-853989219.test_predictions.csv,1,1,478,mcq,results/0-bullet-is/model-Qwen--Qwen3-14B/Qwen--Qwen3-14B_task-ACSEmployment/Qwen--Qwen3-14B_bench-4219089539/ACSEmployment_subsampled-0.0155_seed-42_hash-853989219.test_responses.csv
ACSEmployment,Qwen/Qwen3-14B,0,1,1,0.4,balanced_accuracy,0.8112601198937025,0.814212235879235,995784170,0,bullet,is,original,default,,,results/0-bullet-is/model-Qwen--Qwen3-14B/Qwen--Qwen3-14B_task-ACSEmployment/Qwen--Qwen3-14B_bench-995784170/results.bench-995784170.json,results/0-bullet-is/model-Qwen--Qwen3-14B/Qwen--Qwen3-14B_task-ACSEmployment/Qwen--Qwen3-14B_bench-3179683877/ACSEmployment_subsampled-0.05_seed-42_hash-3454525026.test_predictions.csv,1,1,264,numeric,results/0-bullet-is/model-Qwen--Qwen3-14B/Qwen--Qwen3-14B_task-ACSEmployment/Qwen--Qwen3-14B_bench-3179683877/ACSEmployment_subsampled-0.05_seed-42_hash-3454525026.test_responses.csv
ACSEmployment,Qwen/Qwen3-32B,0,1,1,0.28,balanced_accuracy,0.8038440145850071,0.8090512708977315,1338614095,0,bullet,is,original,default,,,results/0-bullet-is/model-Qwen--Qwen3-32B/Qwen--Qwen3-32B_task-ACSEmployment/Qwen--Qwen3-32B_bench-1338614095/results.bench-1338614095.json,results/0-bullet-is/model-Qwen--Qwen3-32B/Qwen--Qwen3-32B_task-ACSEmployment/Qwen--Qwen3-32B_bench-1121589892/ACSEmployment_subsampled-0.05_seed-42_hash-3454525026.test_predictions.csv,1,1,562,numeric,results/0-bullet-is/model-Qwen--Qwen3-32B/Qwen--Qwen3-32B_task-ACSEmployment/Qwen--Qwen3-32B_bench-1121589892/ACSEmployment_subsampled-0.05_seed-42_hash-3454525026.test_responses.csv
ACSEmployment,Qwen/Qwen3-32B,0,1,1,0.25,balanced_accuracy,0.7946,0.8014112426212294,1387080241,0,bullet,is,original,default,,,results/0-bullet-is/model-Qwen--Qwen3-32B/Qwen--Qwen3-32B_task-ACSEmployment/Qwen--Qwen3-32B_bench-1387080241/results.bench-1387080241.json,results/0-bullet-is/model-Qwen--Qwen3-32B/Qwen--Qwen3-32B_task-ACSEmployment/Qwen--Qwen3-32B_bench-4040399913/ACSEmployment_subsampled-0.0155_seed-42_hash-1350489014.test_predictions.csv,1,0,179,numeric,results/0-bullet-is/model-Qwen--Qwen3-32B/Qwen--Qwen3-32B_task-ACSEmployment/Qwen--Qwen3-32B_bench-4040399913/ACSEmployment_subsampled-0.0155_seed-42_hash-1350489014.test_responses.csv
ACSEmployment,Qwen/Qwen3-32B,0,1,1,0.75,balanced_accuracy,0.6634421604191858,0.6708815201125111,1689289418,0,bullet,is,original,default,,,results/0-bullet-is/model-Qwen--Qwen3-32B/Qwen--Qwen3-32B_task-ACSEmployment/Qwen--Qwen3-32B_bench-1689289418/results.bench-1689289418.json,results/0-bullet-is/model-Qwen--Qwen3-32B/Qwen--Qwen3-32B_task-ACSEmployment/Qwen--Qwen3-32B_bench-1629641940/ACSEmployment_subsampled-0.0155_seed-42_hash-853989219.test_predictions.csv,1,0,264,mcq,results/0-bullet-is/model-Qwen--Qwen3-32B/Qwen--Qwen3-32B_task-ACSEmployment/Qwen--Qwen3-32B_bench-1629641940/ACSEmployment_subsampled-0.0155_seed-42_hash-853989219.test_responses.csv
ACSEmployment,Qwen/Qwen3-32B,0,1,1,0.29,balanced_accuracy,0.8006,0.8050154564360419,1702018836,0,bullet,is,original,default,,,results/0-bullet-is/model-Qwen--Qwen3-32B/Qwen--Qwen3-32B_task-ACSEmployment/Qwen--Qwen3-32B_bench-1702018836/results.bench-1702018836.json,results/0-bullet-is/model-Qwen--Qwen3-32B/Qwen--Qwen3-32B_task-ACSEmployment/Qwen--Qwen3-32B_bench-1165716539/ACSEmployment_subsampled-0.0155_seed-42_hash-1350489014.test_predictions.csv,1,0,264,numeric,results/0-bullet-is/model-Qwen--Qwen3-32B/Qwen--Qwen3-32B_task-ACSEmployment/Qwen--Qwen3-32B_bench-1165716539/ACSEmployment_subsampled-0.0155_seed-42_hash-1350489014.test_responses.csv
ACSEmployment,Qwen/Qwen3-32B,0,1,1,0.27,balanced_accuracy,0.8051418330140288,0.810375845436663,2441225885,0,bullet,is,original,default,,,results/0-bullet-is/model-Qwen--Qwen3-32B/Qwen--Qwen3-32B_task-ACSEmployment/Qwen--Qwen3-32B_bench-2441225885/results.bench-2441225885.json,results/0-bullet-is/model-Qwen--Qwen3-32B/Qwen--Qwen3-32B_task-ACSEmployment/Qwen--Qwen3-32B_bench-865402245/ACSEmployment_subsampled-0.05_seed-42_hash-3454525026.test_predictions.csv,1,1,42,numeric,results/0-bullet-is/model-Qwen--Qwen3-32B/Qwen--Qwen3-32B_task-ACSEmployment/Qwen--Qwen3-32B_bench-865402245/ACSEmployment_subsampled-0.05_seed-42_hash-3454525026.test_responses.csv
ACSEmployment,Qwen/Qwen3-32B,0,1,1,0.32,balanced_accuracy,0.8076,0.8105047885800831,2942601132,0,bullet,is,original,default,,,results/0-bullet-is/model-Qwen--Qwen3-32B/Qwen--Qwen3-32B_task-ACSEmployment/Qwen--Qwen3-32B_bench-2942601132/results.bench-2942601132.json,results/0-bullet-is/model-Qwen--Qwen3-32B/Qwen--Qwen3-32B_task-ACSEmployment/Qwen--Qwen3-32B_bench-2905727627/ACSEmployment_subsampled-0.0155_seed-42_hash-1350489014.test_predictions.csv,1,1,179,numeric,results/0-bullet-is/model-Qwen--Qwen3-32B/Qwen--Qwen3-32B_task-ACSEmployment/Qwen--Qwen3-32B_bench-2905727627/ACSEmployment_subsampled-0.0155_seed-42_hash-1350489014.test_responses.csv
ACSEmployment,Qwen/Qwen3-32B,0,1,1,0.34,balanced_accuracy,0.8032,0.8056742990339505,3452585933,0,bullet,is,original,default,,,results/0-bullet-is/model-Qwen--Qwen3-32B/Qwen--Qwen3-32B_task-ACSEmployment/Qwen--Qwen3-32B_bench-3452585933/results.bench-3452585933.json,results/0-bullet-is/model-Qwen--Qwen3-32B/Qwen--Qwen3-32B_task-ACSEmployment/Qwen--Qwen3-32B_bench-840483591/ACSEmployment_subsampled-0.0155_seed-42_hash-1350489014.test_predictions.csv,1,1,478,numeric,results/0-bullet-is/model-Qwen--Qwen3-32B/Qwen--Qwen3-32B_task-ACSEmployment/Qwen--Qwen3-32B_bench-840483591/ACSEmployment_subsampled-0.0155_seed-42_hash-1350489014.test_responses.csv
ACSEmployment,Qwen/Qwen3-32B,0,1,1,0.27,balanced_accuracy,0.7981583338483407,0.8026377084961333,3654662002,0,bullet,is,original,default,,,results/0-bullet-is/model-Qwen--Qwen3-32B/Qwen--Qwen3-32B_task-ACSEmployment/Qwen--Qwen3-32B_bench-3654662002/results.bench-3654662002.json,results/0-bullet-is/model-Qwen--Qwen3-32B/Qwen--Qwen3-32B_task-ACSEmployment/Qwen--Qwen3-32B_bench-1478544037/ACSEmployment_subsampled-0.05_seed-42_hash-3454525026.test_predictions.csv,1,0,42,numeric,results/0-bullet-is/model-Qwen--Qwen3-32B/Qwen--Qwen3-32B_task-ACSEmployment/Qwen--Qwen3-32B_bench-1478544037/ACSEmployment_subsampled-0.05_seed-42_hash-3454525026.test_responses.csv
ACSEmployment,Qwen/Qwen3-32B,0,1,1,0.24,balanced_accuracy,0.7982201347259131,0.8059665790273967,3785340198,0,bullet,is,original,default,,,results/0-bullet-is/model-Qwen--Qwen3-32B/Qwen--Qwen3-32B_task-ACSEmployment/Qwen--Qwen3-32B_bench-3785340198/results.bench-3785340198.json,results/0-bullet-is/model-Qwen--Qwen3-32B/Qwen--Qwen3-32B_task-ACSEmployment/Qwen--Qwen3-32B_bench-1272206788/ACSEmployment_subsampled-0.05_seed-42_hash-3454525026.test_predictions.csv,1,1,264,numeric,results/0-bullet-is/model-Qwen--Qwen3-32B/Qwen--Qwen3-32B_task-ACSEmployment/Qwen--Qwen3-32B_bench-1272206788/ACSEmployment_subsampled-0.05_seed-42_hash-3454525026.test_responses.csv
ACSEmployment,Qwen/Qwen3-32B,0,1,1,0.23,balanced_accuracy,0.8009393733391014,0.8069995958071731,688020519,0,bullet,is,original,default,,,results/0-bullet-is/model-Qwen--Qwen3-32B/Qwen--Qwen3-32B_task-ACSEmployment/Qwen--Qwen3-32B_bench-688020519/results.bench-688020519.json,results/0-bullet-is/model-Qwen--Qwen3-32B/Qwen--Qwen3-32B_task-ACSEmployment/Qwen--Qwen3-32B_bench-3428394726/ACSEmployment_subsampled-0.05_seed-42_hash-3454525026.test_predictions.csv,1,0,562,numeric,results/0-bullet-is/model-Qwen--Qwen3-32B/Qwen--Qwen3-32B_task-ACSEmployment/Qwen--Qwen3-32B_bench-3428394726/ACSEmployment_subsampled-0.05_seed-42_hash-3454525026.test_responses.csv
ACSEmployment,Qwen/Qwen3-32B,0,1,1,0.3,balanced_accuracy,0.8015573821148261,0.8047359850949083,885343778,0,bullet,is,original,default,,,results/0-bullet-is/model-Qwen--Qwen3-32B/Qwen--Qwen3-32B_task-ACSEmployment/Qwen--Qwen3-32B_bench-885343778/results.bench-885343778.json,results/0-bullet-is/model-Qwen--Qwen3-32B/Qwen--Qwen3-32B_task-ACSEmployment/Qwen--Qwen3-32B_bench-2321763858/ACSEmployment_subsampled-0.05_seed-42_hash-3454525026.test_predictions.csv,1,0,478,numeric,results/0-bullet-is/model-Qwen--Qwen3-32B/Qwen--Qwen3-32B_task-ACSEmployment/Qwen--Qwen3-32B_bench-2321763858/ACSEmployment_subsampled-0.05_seed-42_hash-3454525026.test_responses.csv
ACSEmployment,Qwen/Qwen3-32B,0,1,1,0.75,balanced_accuracy,0.6907815631262525,0.698281496601639,925609023,0,bullet,is,original,default,,,results/0-bullet-is/model-Qwen--Qwen3-32B/Qwen--Qwen3-32B_task-ACSEmployment/Qwen--Qwen3-32B_bench-925609023/results.bench-925609023.json,results/0-bullet-is/model-Qwen--Qwen3-32B/Qwen--Qwen3-32B_task-ACSEmployment/Qwen--Qwen3-32B_bench-2589493500/ACSEmployment_subsampled-0.0155_seed-42_hash-853989219.test_predictions.csv,1,0,179,mcq,results/0-bullet-is/model-Qwen--Qwen3-32B/Qwen--Qwen3-32B_task-ACSEmployment/Qwen--Qwen3-32B_bench-2589493500/ACSEmployment_subsampled-0.0155_seed-42_hash-853989219.test_responses.csv
ACSEmployment,Qwen/Qwen3-4B,0,1,1,0.25,balanced_accuracy,0.7955008961127248,0.7998877113832248,1215826834,0,bullet,is,original,default,,,results/0-bullet-is/model-Qwen--Qwen3-4B/Qwen--Qwen3-4B_task-ACSEmployment/Qwen--Qwen3-4B_bench-1215826834/results.bench-1215826834.json,results/0-bullet-is/model-Qwen--Qwen3-4B/Qwen--Qwen3-4B_task-ACSEmployment/Qwen--Qwen3-4B_bench-1687128493/ACSEmployment_subsampled-0.05_seed-42_hash-3454525026.test_predictions.csv,1,1,478,numeric,results/0-bullet-is/model-Qwen--Qwen3-4B/Qwen--Qwen3-4B_task-ACSEmployment/Qwen--Qwen3-4B_bench-1687128493/ACSEmployment_subsampled-0.05_seed-42_hash-3454525026.test_responses.csv
ACSEmployment,Qwen/Qwen3-4B,0,1,1,0.25,balanced_accuracy,0.7715839564921821,0.7746089145690342,1559793369,0,bullet,is,original,default,,,results/0-bullet-is/model-Qwen--Qwen3-4B/Qwen--Qwen3-4B_task-ACSEmployment/Qwen--Qwen3-4B_bench-1559793369/results.bench-1559793369.json,results/0-bullet-is/model-Qwen--Qwen3-4B/Qwen--Qwen3-4B_task-ACSEmployment/Qwen--Qwen3-4B_bench-1016880694/ACSEmployment_subsampled-0.05_seed-42_hash-3454525026.test_predictions.csv,1,0,264,numeric,results/0-bullet-is/model-Qwen--Qwen3-4B/Qwen--Qwen3-4B_task-ACSEmployment/Qwen--Qwen3-4B_bench-1016880694/ACSEmployment_subsampled-0.05_seed-42_hash-3454525026.test_responses.csv
ACSEmployment,Qwen/Qwen3-4B,0,1,1,0.37,balanced_accuracy,0.7767134293306965,0.7775037820900235,1702491614,0,bullet,is,original,default,,,results/0-bullet-is/model-Qwen--Qwen3-4B/Qwen--Qwen3-4B_task-ACSEmployment/Qwen--Qwen3-4B_bench-1702491614/results.bench-1702491614.json,results/0-bullet-is/model-Qwen--Qwen3-4B/Qwen--Qwen3-4B_task-ACSEmployment/Qwen--Qwen3-4B_bench-1416800427/ACSEmployment_subsampled-0.05_seed-42_hash-3454525026.test_predictions.csv,1,0,562,numeric,results/0-bullet-is/model-Qwen--Qwen3-4B/Qwen--Qwen3-4B_task-ACSEmployment/Qwen--Qwen3-4B_bench-1416800427/ACSEmployment_subsampled-0.05_seed-42_hash-3454525026.test_responses.csv
ACSEmployment,Qwen/Qwen3-4B,0,1,1,0.22,balanced_accuracy,0.7937704715406959,0.79871653764575,1754060651,0,bullet,is,original,default,,,results/0-bullet-is/model-Qwen--Qwen3-4B/Qwen--Qwen3-4B_task-ACSEmployment/Qwen--Qwen3-4B_bench-1754060651/results.bench-1754060651.json,results/0-bullet-is/model-Qwen--Qwen3-4B/Qwen--Qwen3-4B_task-ACSEmployment/Qwen--Qwen3-4B_bench-2545842919/ACSEmployment_subsampled-0.05_seed-42_hash-3454525026.test_predictions.csv,1,1,179,numeric,results/0-bullet-is/model-Qwen--Qwen3-4B/Qwen--Qwen3-4B_task-ACSEmployment/Qwen--Qwen3-4B_bench-2545842919/ACSEmployment_subsampled-0.05_seed-42_hash-3454525026.test_responses.csv
ACSEmployment,Qwen/Qwen3-4B,0,1,1,0.35,balanced_accuracy,0.7977875285829059,0.797912209317992,321243028,0,bullet,is,original,default,,,results/0-bullet-is/model-Qwen--Qwen3-4B/Qwen--Qwen3-4B_task-ACSEmployment/Qwen--Qwen3-4B_bench-321243028/results.bench-321243028.json,results/0-bullet-is/model-Qwen--Qwen3-4B/Qwen--Qwen3-4B_task-ACSEmployment/Qwen--Qwen3-4B_bench-4208329384/ACSEmployment_subsampled-0.05_seed-42_hash-3454525026.test_predictions.csv,1,1,562,numeric,results/0-bullet-is/model-Qwen--Qwen3-4B/Qwen--Qwen3-4B_task-ACSEmployment/Qwen--Qwen3-4B_bench-4208329384/ACSEmployment_subsampled-0.05_seed-42_hash-3454525026.test_responses.csv
ACSEmployment,Qwen/Qwen3-4B,0,1,1,0.4,balanced_accuracy,0.7963661083987392,0.7950418474306808,3280474513,0,bullet,is,original,default,,,results/0-bullet-is/model-Qwen--Qwen3-4B/Qwen--Qwen3-4B_task-ACSEmployment/Qwen--Qwen3-4B_bench-3280474513/results.bench-3280474513.json,results/0-bullet-is/model-Qwen--Qwen3-4B/Qwen--Qwen3-4B_task-ACSEmployment/Qwen--Qwen3-4B_bench-1555340878/ACSEmployment_subsampled-0.05_seed-42_hash-3454525026.test_predictions.csv,1,1,264,numeric,results/0-bullet-is/model-Qwen--Qwen3-4B/Qwen--Qwen3-4B_task-ACSEmployment/Qwen--Qwen3-4B_bench-1555340878/ACSEmployment_subsampled-0.05_seed-42_hash-3454525026.test_responses.csv
ACSEmployment,Qwen/Qwen3-4B,0,1,1,0.44,balanced_accuracy,0.7752302082689574,0.7738384922452719,3547908111,0,bullet,is,original,default,,,results/0-bullet-is/model-Qwen--Qwen3-4B/Qwen--Qwen3-4B_task-ACSEmployment/Qwen--Qwen3-4B_bench-3547908111/results.bench-3547908111.json,results/0-bullet-is/model-Qwen--Qwen3-4B/Qwen--Qwen3-4B_task-ACSEmployment/Qwen--Qwen3-4B_bench-3529398490/ACSEmployment_subsampled-0.05_seed-42_hash-3454525026.test_predictions.csv,1,0,478,numeric,results/0-bullet-is/model-Qwen--Qwen3-4B/Qwen--Qwen3-4B_task-ACSEmployment/Qwen--Qwen3-4B_bench-3529398490/ACSEmployment_subsampled-0.05_seed-42_hash-3454525026.test_responses.csv
ACSEmployment,Qwen/Qwen3-4B,0,1,1,0.35,balanced_accuracy,0.7669488906742475,0.7687309346092995,3858679844,0,bullet,is,original,default,,,results/0-bullet-is/model-Qwen--Qwen3-4B/Qwen--Qwen3-4B_task-ACSEmployment/Qwen--Qwen3-4B_bench-3858679844/results.bench-3858679844.json,results/0-bullet-is/model-Qwen--Qwen3-4B/Qwen--Qwen3-4B_task-ACSEmployment/Qwen--Qwen3-4B_bench-4028233445/ACSEmployment_subsampled-0.05_seed-42_hash-3454525026.test_predictions.csv,1,0,42,numeric,results/0-bullet-is/model-Qwen--Qwen3-4B/Qwen--Qwen3-4B_task-ACSEmployment/Qwen--Qwen3-4B_bench-4028233445/ACSEmployment_subsampled-0.05_seed-42_hash-3454525026.test_responses.csv
ACSEmployment,Qwen/Qwen3-4B,0,1,1,0.32,balanced_accuracy,0.7824609109449354,0.7838859868271633,4135791760,0,bullet,is,original,default,,,results/0-bullet-is/model-Qwen--Qwen3-4B/Qwen--Qwen3-4B_task-ACSEmployment/Qwen--Qwen3-4B_bench-4135791760/results.bench-4135791760.json,results/0-bullet-is/model-Qwen--Qwen3-4B/Qwen--Qwen3-4B_task-ACSEmployment/Qwen--Qwen3-4B_bench-3090266260/ACSEmployment_subsampled-0.05_seed-42_hash-3454525026.test_predictions.csv,1,0,179,numeric,results/0-bullet-is/model-Qwen--Qwen3-4B/Qwen--Qwen3-4B_task-ACSEmployment/Qwen--Qwen3-4B_bench-3090266260/ACSEmployment_subsampled-0.05_seed-42_hash-3454525026.test_responses.csv
ACSEmployment,Qwen/Qwen3-4B,0,1,1,0.21,balanced_accuracy,0.7935850689079785,0.7980614450086035,597286244,0,bullet,is,original,default,,,results/0-bullet-is/model-Qwen--Qwen3-4B/Qwen--Qwen3-4B_task-ACSEmployment/Qwen--Qwen3-4B_bench-597286244/results.bench-597286244.json,results/0-bullet-is/model-Qwen--Qwen3-4B/Qwen--Qwen3-4B_task-ACSEmployment/Qwen--Qwen3-4B_bench-3576347079/ACSEmployment_subsampled-0.05_seed-42_hash-3454525026.test_predictions.csv,1,1,42,numeric,results/0-bullet-is/model-Qwen--Qwen3-4B/Qwen--Qwen3-4B_task-ACSEmployment/Qwen--Qwen3-4B_bench-3576347079/ACSEmployment_subsampled-0.05_seed-42_hash-3454525026.test_responses.csv
ACSEmployment,Qwen/Qwen3.5-27B,0,1,1,0.45,balanced_accuracy,0.8111536138514194,0.8166320045194988,1582260169,0,bullet,is,original,default,,,results/0-bullet-is/model-Qwen--Qwen3.5-27B/Qwen--Qwen3.5-27B_task-ACSEmployment/Qwen--Qwen3.5-27B_bench-1582260169/results.bench-1582260169.json,results/0-bullet-is/model-Qwen--Qwen3.5-27B/Qwen--Qwen3.5-27B_task-ACSEmployment/Qwen--Qwen3.5-27B_bench-613152650/ACSEmployment_subsampled-0.0155_seed-42_hash-1350489014.test_predictions.csv,1,1,264,numeric,results/0-bullet-is/model-Qwen--Qwen3.5-27B/Qwen--Qwen3.5-27B_task-ACSEmployment/Qwen--Qwen3.5-27B_bench-613152650/ACSEmployment_subsampled-0.0155_seed-42_hash-1350489014.test_responses.csv
ACSEmployment,Qwen/Qwen3.5-27B,0,1,1,0.44,balanced_accuracy,0.8159569865892096,0.8186156126215947,1727099567,0,bullet,is,original,default,,,results/0-bullet-is/model-Qwen--Qwen3.5-27B/Qwen--Qwen3.5-27B_task-ACSEmployment/Qwen--Qwen3.5-27B_bench-1727099567/results.bench-1727099567.json,results/0-bullet-is/model-Qwen--Qwen3.5-27B/Qwen--Qwen3.5-27B_task-ACSEmployment/Qwen--Qwen3.5-27B_bench-997096867/ACSEmployment_subsampled-0.05_seed-42_hash-3454525026.test_predictions.csv,1,0,42,numeric,results/0-bullet-is/model-Qwen--Qwen3.5-27B/Qwen--Qwen3.5-27B_task-ACSEmployment/Qwen--Qwen3.5-27B_bench-997096867/ACSEmployment_subsampled-0.05_seed-42_hash-3454525026.test_responses.csv
ACSEmployment,Qwen/Qwen3.5-27B,0,1,1,0.55,balanced_accuracy,0.8134298351427423,0.8141561429270681,1993613832,0,bullet,is,original,default,,,results/0-bullet-is/model-Qwen--Qwen3.5-27B/Qwen--Qwen3.5-27B_task-ACSEmployment/Qwen--Qwen3.5-27B_bench-1993613832/results.bench-1993613832.json,results/0-bullet-is/model-Qwen--Qwen3.5-27B/Qwen--Qwen3.5-27B_task-ACSEmployment/Qwen--Qwen3.5-27B_bench-3987263326/ACSEmployment_subsampled-0.0155_seed-42_hash-1350489014.test_predictions.csv,1,1,42,numeric,results/0-bullet-is/model-Qwen--Qwen3.5-27B/Qwen--Qwen3.5-27B_task-ACSEmployment/Qwen--Qwen3.5-27B_bench-3987263326/ACSEmployment_subsampled-0.0155_seed-42_hash-1350489014.test_responses.csv
ACSEmployment,Qwen/Qwen3.5-27B,0,1,1,1.0,balanced_accuracy,0.7808,0.7886299869232786,218843508,0,bullet,is,original,default,,,results/0-bullet-is/model-Qwen--Qwen3.5-27B/Qwen--Qwen3.5-27B_task-ACSEmployment/Qwen--Qwen3.5-27B_bench-218843508/results.bench-218843508.json,results/0-bullet-is/model-Qwen--Qwen3.5-27B/Qwen--Qwen3.5-27B_task-ACSEmployment/Qwen--Qwen3.5-27B_bench-517332108/ACSEmployment_subsampled-0.0155_seed-42_hash-853989219.test_predictions.csv,1,0,264,mcq,results/0-bullet-is/model-Qwen--Qwen3.5-27B/Qwen--Qwen3.5-27B_task-ACSEmployment/Qwen--Qwen3.5-27B_bench-517332108/ACSEmployment_subsampled-0.0155_seed-42_hash-853989219.test_responses.csv
ACSEmployment,Qwen/Qwen3.5-27B,0,1,1,0.43,balanced_accuracy,0.8120437956204379,0.8176608369639287,251503085,0,bullet,is,original,default,,,results/0-bullet-is/model-Qwen--Qwen3.5-27B/Qwen--Qwen3.5-27B_task-ACSEmployment/Qwen--Qwen3.5-27B_bench-251503085/results.bench-251503085.json,results/0-bullet-is/model-Qwen--Qwen3.5-27B/Qwen--Qwen3.5-27B_task-ACSEmployment/Qwen--Qwen3.5-27B_bench-2990847171/ACSEmployment_subsampled-0.0155_seed-42_hash-1350489014.test_predictions.csv,1,1,478,numeric,results/0-bullet-is/model-Qwen--Qwen3.5-27B/Qwen--Qwen3.5-27B_task-ACSEmployment/Qwen--Qwen3.5-27B_bench-2990847171/ACSEmployment_subsampled-0.0155_seed-42_hash-1350489014.test_responses.csv
ACSEmployment,Qwen/Qwen3.5-27B,0,1,1,1.0,balanced_accuracy,0.7884,0.7845858448729708,3007394396,0,bullet,is,original,default,,,results/0-bullet-is/model-Qwen--Qwen3.5-27B/Qwen--Qwen3.5-27B_task-ACSEmployment/Qwen--Qwen3.5-27B_bench-3007394396/results.bench-3007394396.json,results/0-bullet-is/model-Qwen--Qwen3.5-27B/Qwen--Qwen3.5-27B_task-ACSEmployment/Qwen--Qwen3.5-27B_bench-1852922504/ACSEmployment_subsampled-0.0155_seed-42_hash-853989219.test_predictions.csv,1,0,478,mcq,results/0-bullet-is/model-Qwen--Qwen3.5-27B/Qwen--Qwen3.5-27B_task-ACSEmployment/Qwen--Qwen3.5-27B_bench-1852922504/ACSEmployment_subsampled-0.0155_seed-42_hash-853989219.test_responses.csv
ACSEmployment,Qwen/Qwen3.5-27B,0,1,1,0.42,balanced_accuracy,0.8123107348124343,0.8155851210846226,3520969198,0,bullet,is,original,default,,,results/0-bullet-is/model-Qwen--Qwen3.5-27B/Qwen--Qwen3.5-27B_task-ACSEmployment/Qwen--Qwen3.5-27B_bench-3520969198/results.bench-3520969198.json,results/0-bullet-is/model-Qwen--Qwen3.5-27B/Qwen--Qwen3.5-27B_task-ACSEmployment/Qwen--Qwen3.5-27B_bench-3421649828/ACSEmployment_subsampled-0.05_seed-42_hash-3454525026.test_predictions.csv,1,0,562,numeric,results/0-bullet-is/model-Qwen--Qwen3.5-27B/Qwen--Qwen3.5-27B_task-ACSEmployment/Qwen--Qwen3.5-27B_bench-3421649828/ACSEmployment_subsampled-0.05_seed-42_hash-3454525026.test_responses.csv
ACSEmployment,Qwen/Qwen3.5-27B,0,1,1,0.44,balanced_accuracy,0.8138,0.8163542675542106,3983009640,0,bullet,is,original,default,,,results/0-bullet-is/model-Qwen--Qwen3.5-27B/Qwen--Qwen3.5-27B_task-ACSEmployment/Qwen--Qwen3.5-27B_bench-3983009640/results.bench-3983009640.json,results/0-bullet-is/model-Qwen--Qwen3.5-27B/Qwen--Qwen3.5-27B_task-ACSEmployment/Qwen--Qwen3.5-27B_bench-1591935591/ACSEmployment_subsampled-0.0155_seed-42_hash-1350489014.test_predictions.csv,1,0,478,numeric,results/0-bullet-is/model-Qwen--Qwen3.5-27B/Qwen--Qwen3.5-27B_task-ACSEmployment/Qwen--Qwen3.5-27B_bench-1591935591/ACSEmployment_subsampled-0.0155_seed-42_hash-1350489014.test_responses.csv
ACSEmployment,Qwen/Qwen3.5-27B,0,1,1,0.42,balanced_accuracy,0.8134,0.8160283588981058,422114024,0,bullet,is,original,default,,,results/0-bullet-is/model-Qwen--Qwen3.5-27B/Qwen--Qwen3.5-27B_task-ACSEmployment/Qwen--Qwen3.5-27B_bench-422114024/results.bench-422114024.json,results/0-bullet-is/model-Qwen--Qwen3.5-27B/Qwen--Qwen3.5-27B_task-ACSEmployment/Qwen--Qwen3.5-27B_bench-2149323944/ACSEmployment_subsampled-0.0155_seed-42_hash-1350489014.test_predictions.csv,1,0,179,numeric,results/0-bullet-is/model-Qwen--Qwen3.5-27B/Qwen--Qwen3.5-27B_task-ACSEmployment/Qwen--Qwen3.5-27B_bench-2149323944/ACSEmployment_subsampled-0.0155_seed-42_hash-1350489014.test_responses.csv
ACSEmployment,Qwen/Qwen3.5-27B,0,1,1,0.43,balanced_accuracy,0.8083099156965075,0.8142301221992119,468849464,0,bullet,is,original,default,,,results/0-bullet-is/model-Qwen--Qwen3.5-27B/Qwen--Qwen3.5-27B_task-ACSEmployment/Qwen--Qwen3.5-27B_bench-468849464/results.bench-468849464.json,results/0-bullet-is/model-Qwen--Qwen3.5-27B/Qwen--Qwen3.5-27B_task-ACSEmployment/Qwen--Qwen3.5-27B_bench-1010682419/ACSEmployment_subsampled-0.0155_seed-42_hash-1350489014.test_predictions.csv,1,1,562,numeric,results/0-bullet-is/model-Qwen--Qwen3.5-27B/Qwen--Qwen3.5-27B_task-ACSEmployment/Qwen--Qwen3.5-27B_bench-1010682419/ACSEmployment_subsampled-0.0155_seed-42_hash-1350489014.test_responses.csv
ACSEmployment,Qwen/Qwen3.5-27B,0,1,1,0.45,balanced_accuracy,0.8166,0.8188302366358475,850765186,0,bullet,is,original,default,,,results/0-bullet-is/model-Qwen--Qwen3.5-27B/Qwen--Qwen3.5-27B_task-ACSEmployment/Qwen--Qwen3.5-27B_bench-850765186/results.bench-850765186.json,results/0-bullet-is/model-Qwen--Qwen3.5-27B/Qwen--Qwen3.5-27B_task-ACSEmployment/Qwen--Qwen3.5-27B_bench-3130784680/ACSEmployment_subsampled-0.0155_seed-42_hash-1350489014.test_predictions.csv,1,0,264,numeric,results/0-bullet-is/model-Qwen--Qwen3.5-27B/Qwen--Qwen3.5-27B_task-ACSEmployment/Qwen--Qwen3.5-27B_bench-3130784680/ACSEmployment_subsampled-0.0155_seed-42_hash-1350489014.test_responses.csv
ACSEmployment,Qwen/Qwen3.5-27B,0,1,1,0.44,balanced_accuracy,0.809820889514993,0.8150454940757983,979972763,0,bullet,is,original,default,,,results/0-bullet-is/model-Qwen--Qwen3.5-27B/Qwen--Qwen3.5-27B_task-ACSEmployment/Qwen--Qwen3.5-27B_bench-979972763/results.bench-979972763.json,results/0-bullet-is/model-Qwen--Qwen3.5-27B/Qwen--Qwen3.5-27B_task-ACSEmployment/Qwen--Qwen3.5-27B_bench-3641506343/ACSEmployment_subsampled-0.0155_seed-42_hash-1350489014.test_predictions.csv,1,1,179,numeric,results/0-bullet-is/model-Qwen--Qwen3.5-27B/Qwen--Qwen3.5-27B_task-ACSEmployment/Qwen--Qwen3.5-27B_bench-3641506343/ACSEmployment_subsampled-0.0155_seed-42_hash-1350489014.test_responses.csv
ACSEmployment,Qwen/Qwen3.5-4B,0,1,1,0.49,balanced_accuracy,0.7987522640370296,0.8027437607967335,1364085306,0,bullet,is,original,default,,,results/0-bullet-is/model-Qwen--Qwen3.5-4B/Qwen--Qwen3.5-4B_task-ACSEmployment/Qwen--Qwen3.5-4B_bench-1364085306/results.bench-1364085306.json,results/0-bullet-is/model-Qwen--Qwen3.5-4B/Qwen--Qwen3.5-4B_task-ACSEmployment/Qwen--Qwen3.5-4B_bench-2176821514/ACSEmployment_subsampled-0.0155_seed-42_hash-1350489014.test_predictions.csv,1,1,562,numeric,results/0-bullet-is/model-Qwen--Qwen3.5-4B/Qwen--Qwen3.5-4B_task-ACSEmployment/Qwen--Qwen3.5-4B_bench-2176821514/ACSEmployment_subsampled-0.0155_seed-42_hash-1350489014.test_responses.csv
ACSEmployment,Qwen/Qwen3.5-4B,0,1,1,0.45,balanced_accuracy,0.7922208786779524,0.7984394499494121,1406505874,0,bullet,is,original,default,,,results/0-bullet-is/model-Qwen--Qwen3.5-4B/Qwen--Qwen3.5-4B_task-ACSEmployment/Qwen--Qwen3.5-4B_bench-1406505874/results.bench-1406505874.json,results/0-bullet-is/model-Qwen--Qwen3.5-4B/Qwen--Qwen3.5-4B_task-ACSEmployment/Qwen--Qwen3.5-4B_bench-3746658787/ACSEmployment_subsampled-0.0155_seed-42_hash-1350489014.test_predictions.csv,1,1,264,numeric,results/0-bullet-is/model-Qwen--Qwen3.5-4B/Qwen--Qwen3.5-4B_task-ACSEmployment/Qwen--Qwen3.5-4B_bench-3746658787/ACSEmployment_subsampled-0.0155_seed-42_hash-1350489014.test_responses.csv
ACSEmployment,Qwen/Qwen3.5-4B,0,1,1,0.5,balanced_accuracy,0.6982,0.7214271536820814,1572012299,0,bullet,is,original,default,,,results/0-bullet-is/model-Qwen--Qwen3.5-4B/Qwen--Qwen3.5-4B_task-ACSEmployment/Qwen--Qwen3.5-4B_bench-1572012299/results.bench-1572012299.json,results/0-bullet-is/model-Qwen--Qwen3.5-4B/Qwen--Qwen3.5-4B_task-ACSEmployment/Qwen--Qwen3.5-4B_bench-1572012299/ACSEmployment_subsampled-0.0155_seed-42_hash-853989219.test_predictions.csv,1,0,264,mcq,results/0-bullet-is/model-Qwen--Qwen3.5-4B/Qwen--Qwen3.5-4B_task-ACSEmployment/Qwen--Qwen3.5-4B_bench-1572012299/ACSEmployment_subsampled-0.0155_seed-42_hash-853989219.test_responses.csv
ACSEmployment,Qwen/Qwen3.5-4B,0,1,1,0.5,balanced_accuracy,0.6794,0.705331012889542,1628656546,0,bullet,is,original,default,,,results/0-bullet-is/model-Qwen--Qwen3.5-4B/Qwen--Qwen3.5-4B_task-ACSEmployment/Qwen--Qwen3.5-4B_bench-1628656546/results.bench-1628656546.json,results/0-bullet-is/model-Qwen--Qwen3.5-4B/Qwen--Qwen3.5-4B_task-ACSEmployment/Qwen--Qwen3.5-4B_bench-1628656546/ACSEmployment_subsampled-0.0155_seed-42_hash-853989219.test_predictions.csv,1,0,179,mcq,results/0-bullet-is/model-Qwen--Qwen3.5-4B/Qwen--Qwen3.5-4B_task-ACSEmployment/Qwen--Qwen3.5-4B_bench-1628656546/ACSEmployment_subsampled-0.0155_seed-42_hash-853989219.test_responses.csv
ACSEmployment,Qwen/Qwen3.5-4B,0,1,1,0.46,balanced_accuracy,0.7946952824458392,0.7991715163419175,2586663725,0,bullet,is,original,default,,,results/0-bullet-is/model-Qwen--Qwen3.5-4B/Qwen--Qwen3.5-4B_task-ACSEmployment/Qwen--Qwen3.5-4B_bench-2586663725/results.bench-2586663725.json,results/0-bullet-is/model-Qwen--Qwen3.5-4B/Qwen--Qwen3.5-4B_task-ACSEmployment/Qwen--Qwen3.5-4B_bench-685901077/ACSEmployment_subsampled-0.0155_seed-42_hash-1350489014.test_predictions.csv,1,1,478,numeric,results/0-bullet-is/model-Qwen--Qwen3.5-4B/Qwen--Qwen3.5-4B_task-ACSEmployment/Qwen--Qwen3.5-4B_bench-685901077/ACSEmployment_subsampled-0.0155_seed-42_hash-1350489014.test_responses.csv
ACSEmployment,Qwen/Qwen3.5-4B,0,1,1,0.41,balanced_accuracy,0.7942303812789994,0.8006933855618066,2728977331,0,bullet,is,original,default,,,results/0-bullet-is/model-Qwen--Qwen3.5-4B/Qwen--Qwen3.5-4B_task-ACSEmployment/Qwen--Qwen3.5-4B_bench-2728977331/results.bench-2728977331.json,results/0-bullet-is/model-Qwen--Qwen3.5-4B/Qwen--Qwen3.5-4B_task-ACSEmployment/Qwen--Qwen3.5-4B_bench-3393409775/ACSEmployment_subsampled-0.0155_seed-42_hash-1350489014.test_predictions.csv,1,1,42,numeric,results/0-bullet-is/model-Qwen--Qwen3.5-4B/Qwen--Qwen3.5-4B_task-ACSEmployment/Qwen--Qwen3.5-4B_bench-3393409775/ACSEmployment_subsampled-0.0155_seed-42_hash-1350489014.test_responses.csv
ACSEmployment,Qwen/Qwen3.5-4B,0,1,1,0.48,balanced_accuracy,0.784106454421092,0.7829804316075664,3113313063,0,bullet,is,original,default,,,results/0-bullet-is/model-Qwen--Qwen3.5-4B/Qwen--Qwen3.5-4B_task-ACSEmployment/Qwen--Qwen3.5-4B_bench-3113313063/results.bench-3113313063.json,results/0-bullet-is/model-Qwen--Qwen3.5-4B/Qwen--Qwen3.5-4B_task-ACSEmployment/Qwen--Qwen3.5-4B_bench-943788457/ACSEmployment_subsampled-0.05_seed-42_hash-3454525026.test_predictions.csv,1,0,478,numeric,results/0-bullet-is/model-Qwen--Qwen3.5-4B/Qwen--Qwen3.5-4B_task-ACSEmployment/Qwen--Qwen3.5-4B_bench-943788457/ACSEmployment_subsampled-0.05_seed-42_hash-3454525026.test_responses.csv
ACSEmployment,Qwen/Qwen3.5-4B,0,1,1,0.46,balanced_accuracy,0.7809561912382477,0.781760033400235,3298188667,0,bullet,is,original,default,,,results/0-bullet-is/model-Qwen--Qwen3.5-4B/Qwen--Qwen3.5-4B_task-ACSEmployment/Qwen--Qwen3.5-4B_bench-3298188667/results.bench-3298188667.json,results/0-bullet-is/model-Qwen--Qwen3.5-4B/Qwen--Qwen3.5-4B_task-ACSEmployment/Qwen--Qwen3.5-4B_bench-73882081/ACSEmployment_subsampled-0.0155_seed-42_hash-1350489014.test_predictions.csv,1,0,264,numeric,results/0-bullet-is/model-Qwen--Qwen3.5-4B/Qwen--Qwen3.5-4B_task-ACSEmployment/Qwen--Qwen3.5-4B_bench-73882081/ACSEmployment_subsampled-0.0155_seed-42_hash-1350489014.test_responses.csv
ACSEmployment,Qwen/Qwen3.5-4B,0,1,1,0.48,balanced_accuracy,0.795175879396985,0.7986839190032717,3852438109,0,bullet,is,original,default,,,results/0-bullet-is/model-Qwen--Qwen3.5-4B/Qwen--Qwen3.5-4B_task-ACSEmployment/Qwen--Qwen3.5-4B_bench-3852438109/results.bench-3852438109.json,results/0-bullet-is/model-Qwen--Qwen3.5-4B/Qwen--Qwen3.5-4B_task-ACSEmployment/Qwen--Qwen3.5-4B_bench-38307708/ACSEmployment_subsampled-0.0155_seed-42_hash-1350489014.test_predictions.csv,1,1,179,numeric,results/0-bullet-is/model-Qwen--Qwen3.5-4B/Qwen--Qwen3.5-4B_task-ACSEmployment/Qwen--Qwen3.5-4B_bench-38307708/ACSEmployment_subsampled-0.0155_seed-42_hash-1350489014.test_responses.csv
ACSEmployment,Qwen/Qwen3.5-4B,0,1,1,0.47,balanced_accuracy,0.7558096415327565,0.763579455928568,416572546,0,bullet,is,original,default,,,results/0-bullet-is/model-Qwen--Qwen3.5-4B/Qwen--Qwen3.5-4B_task-ACSEmployment/Qwen--Qwen3.5-4B_bench-416572546/results.bench-416572546.json,results/0-bullet-is/model-Qwen--Qwen3.5-4B/Qwen--Qwen3.5-4B_task-ACSEmployment/Qwen--Qwen3.5-4B_bench-964894505/ACSEmployment_subsampled-0.05_seed-42_hash-3454525026.test_predictions.csv,1,0,42,numeric,results/0-bullet-is/model-Qwen--Qwen3.5-4B/Qwen--Qwen3.5-4B_task-ACSEmployment/Qwen--Qwen3.5-4B_bench-964894505/ACSEmployment_subsampled-0.05_seed-42_hash-3454525026.test_responses.csv
ACSEmployment,Qwen/Qwen3.5-4B,0,1,1,0.48,balanced_accuracy,0.741835724888669,0.7376036173559606,4165788702,0,bullet,is,original,default,,,results/0-bullet-is/model-Qwen--Qwen3.5-4B/Qwen--Qwen3.5-4B_task-ACSEmployment/Qwen--Qwen3.5-4B_bench-4165788702/results.bench-4165788702.json,results/0-bullet-is/model-Qwen--Qwen3.5-4B/Qwen--Qwen3.5-4B_task-ACSEmployment/Qwen--Qwen3.5-4B_bench-293268270/ACSEmployment_subsampled-0.05_seed-42_hash-3454525026.test_predictions.csv,1,0,562,numeric,results/0-bullet-is/model-Qwen--Qwen3.5-4B/Qwen--Qwen3.5-4B_task-ACSEmployment/Qwen--Qwen3.5-4B_bench-293268270/ACSEmployment_subsampled-0.05_seed-42_hash-3454525026.test_responses.csv
ACSEmployment,Qwen/Qwen3.5-4B,0,1,1,0.48,balanced_accuracy,0.7762,0.774820778501786,616111041,0,bullet,is,original,default,,,results/0-bullet-is/model-Qwen--Qwen3.5-4B/Qwen--Qwen3.5-4B_task-ACSEmployment/Qwen--Qwen3.5-4B_bench-616111041/results.bench-616111041.json,results/0-bullet-is/model-Qwen--Qwen3.5-4B/Qwen--Qwen3.5-4B_task-ACSEmployment/Qwen--Qwen3.5-4B_bench-2296545629/ACSEmployment_subsampled-0.0155_seed-42_hash-1350489014.test_predictions.csv,1,0,179,numeric,results/0-bullet-is/model-Qwen--Qwen3.5-4B/Qwen--Qwen3.5-4B_task-ACSEmployment/Qwen--Qwen3.5-4B_bench-2296545629/ACSEmployment_subsampled-0.0155_seed-42_hash-1350489014.test_responses.csv
ACSEmployment,Qwen/Qwen3.5-9B,0,1,1,0.48,balanced_accuracy,0.8045021293855201,0.8080094430964588,1446126054,0,bullet,is,original,default,,,results/0-bullet-is/model-Qwen--Qwen3.5-9B/Qwen--Qwen3.5-9B_task-ACSEmployment/Qwen--Qwen3.5-9B_bench-1446126054/results.bench-1446126054.json,results/0-bullet-is/model-Qwen--Qwen3.5-9B/Qwen--Qwen3.5-9B_task-ACSEmployment/Qwen--Qwen3.5-9B_bench-3445643352/ACSEmployment_subsampled-0.0155_seed-42_hash-1350489014.test_predictions.csv,1,1,478,numeric,results/0-bullet-is/model-Qwen--Qwen3.5-9B/Qwen--Qwen3.5-9B_task-ACSEmployment/Qwen--Qwen3.5-9B_bench-3445643352/ACSEmployment_subsampled-0.0155_seed-42_hash-1350489014.test_responses.csv
ACSEmployment,Qwen/Qwen3.5-9B,0,1,1,0.57,balanced_accuracy,0.8080482897384306,0.8081909571798744,196220297,0,bullet,is,original,default,,,results/0-bullet-is/model-Qwen--Qwen3.5-9B/Qwen--Qwen3.5-9B_task-ACSEmployment/Qwen--Qwen3.5-9B_bench-196220297/results.bench-196220297.json,results/0-bullet-is/model-Qwen--Qwen3.5-9B/Qwen--Qwen3.5-9B_task-ACSEmployment/Qwen--Qwen3.5-9B_bench-107144978/ACSEmployment_subsampled-0.0155_seed-42_hash-1350489014.test_predictions.csv,1,1,562,numeric,results/0-bullet-is/model-Qwen--Qwen3.5-9B/Qwen--Qwen3.5-9B_task-ACSEmployment/Qwen--Qwen3.5-9B_bench-107144978/ACSEmployment_subsampled-0.0155_seed-42_hash-1350489014.test_responses.csv
ACSEmployment,Qwen/Qwen3.5-9B,0,1,1,0.39,balanced_accuracy,0.7963043075211668,0.8023665528510993,2725697972,0,bullet,is,original,default,,,results/0-bullet-is/model-Qwen--Qwen3.5-9B/Qwen--Qwen3.5-9B_task-ACSEmployment/Qwen--Qwen3.5-9B_bench-2725697972/results.bench-2725697972.json,results/0-bullet-is/model-Qwen--Qwen3.5-9B/Qwen--Qwen3.5-9B_task-ACSEmployment/Qwen--Qwen3.5-9B_bench-302754930/ACSEmployment_subsampled-0.05_seed-42_hash-3454525026.test_predictions.csv,1,0,179,numeric,results/0-bullet-is/model-Qwen--Qwen3.5-9B/Qwen--Qwen3.5-9B_task-ACSEmployment/Qwen--Qwen3.5-9B_bench-302754930/ACSEmployment_subsampled-0.05_seed-42_hash-3454525026.test_responses.csv
ACSEmployment,Qwen/Qwen3.5-9B,0,1,1,0.42,balanced_accuracy,0.7924446642759985,0.7953711149764707,3037250398,0,bullet,is,original,default,,,results/0-bullet-is/model-Qwen--Qwen3.5-9B/Qwen--Qwen3.5-9B_task-ACSEmployment/Qwen--Qwen3.5-9B_bench-3037250398/results.bench-3037250398.json,results/0-bullet-is/model-Qwen--Qwen3.5-9B/Qwen--Qwen3.5-9B_task-ACSEmployment/Qwen--Qwen3.5-9B_bench-2402965135/ACSEmployment_subsampled-0.05_seed-42_hash-3454525026.test_predictions.csv,1,0,562,numeric,results/0-bullet-is/model-Qwen--Qwen3.5-9B/Qwen--Qwen3.5-9B_task-ACSEmployment/Qwen--Qwen3.5-9B_bench-2402965135/ACSEmployment_subsampled-0.05_seed-42_hash-3454525026.test_responses.csv
ACSEmployment,Qwen/Qwen3.5-9B,0,1,1,0.52,balanced_accuracy,0.8074823053589484,0.8087831263945087,3158711426,0,bullet,is,original,default,,,results/0-bullet-is/model-Qwen--Qwen3.5-9B/Qwen--Qwen3.5-9B_task-ACSEmployment/Qwen--Qwen3.5-9B_bench-3158711426/results.bench-3158711426.json,results/0-bullet-is/model-Qwen--Qwen3.5-9B/Qwen--Qwen3.5-9B_task-ACSEmployment/Qwen--Qwen3.5-9B_bench-1289903953/ACSEmployment_subsampled-0.0155_seed-42_hash-1350489014.test_predictions.csv,1,1,42,numeric,results/0-bullet-is/model-Qwen--Qwen3.5-9B/Qwen--Qwen3.5-9B_task-ACSEmployment/Qwen--Qwen3.5-9B_bench-1289903953/ACSEmployment_subsampled-0.0155_seed-42_hash-1350489014.test_responses.csv
ACSEmployment,Qwen/Qwen3.5-9B,0,1,1,0.45,balanced_accuracy,0.8093712454945935,0.8133437497824736,3381100776,0,bullet,is,original,default,,,results/0-bullet-is/model-Qwen--Qwen3.5-9B/Qwen--Qwen3.5-9B_task-ACSEmployment/Qwen--Qwen3.5-9B_bench-3381100776/results.bench-3381100776.json,results/0-bullet-is/model-Qwen--Qwen3.5-9B/Qwen--Qwen3.5-9B_task-ACSEmployment/Qwen--Qwen3.5-9B_bench-1875232761/ACSEmployment_subsampled-0.0155_seed-42_hash-1350489014.test_predictions.csv,1,0,478,numeric,results/0-bullet-is/model-Qwen--Qwen3.5-9B/Qwen--Qwen3.5-9B_task-ACSEmployment/Qwen--Qwen3.5-9B_bench-1875232761/ACSEmployment_subsampled-0.0155_seed-42_hash-1350489014.test_responses.csv
ACSEmployment,Qwen/Qwen3.5-9B,0,1,1,0.42,balanced_accuracy,0.7996291718170581,0.804089704845939,3576186325,0,bullet,is,original,default,,,results/0-bullet-is/model-Qwen--Qwen3.5-9B/Qwen--Qwen3.5-9B_task-ACSEmployment/Qwen--Qwen3.5-9B_bench-3576186325/results.bench-3576186325.json,results/0-bullet-is/model-Qwen--Qwen3.5-9B/Qwen--Qwen3.5-9B_task-ACSEmployment/Qwen--Qwen3.5-9B_bench-6108323/ACSEmployment_subsampled-0.05_seed-42_hash-3454525026.test_predictions.csv,1,0,42,numeric,results/0-bullet-is/model-Qwen--Qwen3.5-9B/Qwen--Qwen3.5-9B_task-ACSEmployment/Qwen--Qwen3.5-9B_bench-6108323/ACSEmployment_subsampled-0.05_seed-42_hash-3454525026.test_responses.csv
ACSEmployment,Qwen/Qwen3.5-9B,0,1,1,0.42,balanced_accuracy,0.7966273872409589,0.8017489621868322,3749265079,0,bullet,is,original,default,,,results/0-bullet-is/model-Qwen--Qwen3.5-9B/Qwen--Qwen3.5-9B_task-ACSEmployment/Qwen--Qwen3.5-9B_bench-3749265079/results.bench-3749265079.json,results/0-bullet-is/model-Qwen--Qwen3.5-9B/Qwen--Qwen3.5-9B_task-ACSEmployment/Qwen--Qwen3.5-9B_bench-1940471289/ACSEmployment_subsampled-0.0155_seed-42_hash-1350489014.test_predictions.csv,1,1,264,numeric,results/0-bullet-is/model-Qwen--Qwen3.5-9B/Qwen--Qwen3.5-9B_task-ACSEmployment/Qwen--Qwen3.5-9B_bench-1940471289/ACSEmployment_subsampled-0.0155_seed-42_hash-1350489014.test_responses.csv
ACSEmployment,Qwen/Qwen3.5-9B,0,1,1,0.48,balanced_accuracy,0.794,0.7949089773299682,4274552243,0,bullet,is,original,default,,,results/0-bullet-is/model-Qwen--Qwen3.5-9B/Qwen--Qwen3.5-9B_task-ACSEmployment/Qwen--Qwen3.5-9B_bench-4274552243/results.bench-4274552243.json,results/0-bullet-is/model-Qwen--Qwen3.5-9B/Qwen--Qwen3.5-9B_task-ACSEmployment/Qwen--Qwen3.5-9B_bench-3605167421/ACSEmployment_subsampled-0.0155_seed-42_hash-1350489014.test_predictions.csv,1,0,264,numeric,results/0-bullet-is/model-Qwen--Qwen3.5-9B/Qwen--Qwen3.5-9B_task-ACSEmployment/Qwen--Qwen3.5-9B_bench-3605167421/ACSEmployment_subsampled-0.0155_seed-42_hash-1350489014.test_responses.csv
ACSEmployment,Qwen/Qwen3.5-9B,0,1,1,0.45,balanced_accuracy,0.807131280388979,0.8119145766729525,724521775,0,bullet,is,original,default,,,results/0-bullet-is/model-Qwen--Qwen3.5-9B/Qwen--Qwen3.5-9B_task-ACSEmployment/Qwen--Qwen3.5-9B_bench-724521775/results.bench-724521775.json,results/0-bullet-is/model-Qwen--Qwen3.5-9B/Qwen--Qwen3.5-9B_task-ACSEmployment/Qwen--Qwen3.5-9B_bench-1501508111/ACSEmployment_subsampled-0.0155_seed-42_hash-1350489014.test_predictions.csv,1,1,179,numeric,results/0-bullet-is/model-Qwen--Qwen3.5-9B/Qwen--Qwen3.5-9B_task-ACSEmployment/Qwen--Qwen3.5-9B_bench-1501508111/ACSEmployment_subsampled-0.0155_seed-42_hash-1350489014.test_responses.csv
ACSEmployment,gpt-5.1,1,1,1,0.47,balanced_accuracy,0.8184,0.8218342326506533,136459694,0,bullet,is,original,default,,,results/0-bullet-is/model-gpt-5.1/gpt-5.1_task-ACSEmployment/gpt-5.1_bench-136459694/results.bench-136459694.json,results/0-bullet-is/model-gpt-5.1/gpt-5.1_task-ACSEmployment/gpt-5.1_bench-2054461008/ACSEmployment_subsampled-0.0155_seed-42_hash-1350489014.test_predictions.csv,1,low,42,numeric,results/0-bullet-is/model-gpt-5.1/gpt-5.1_task-ACSEmployment/gpt-5.1_bench-2054461008/ACSEmployment_subsampled-0.0155_seed-42_hash-1350489014.test_responses.csv
ACSEmployment,gpt-5.1,1,1,1,0.54,balanced_accuracy,0.8157097830789197,0.8176172948336458,162294199,0,bullet,is,original,default,,,results/0-bullet-is/model-gpt-5.1/gpt-5.1_task-ACSEmployment/gpt-5.1_bench-162294199/results.bench-162294199.json,results/0-bullet-is/model-gpt-5.1/gpt-5.1_task-ACSEmployment/gpt-5.1_bench-3683698684/ACSEmployment_subsampled-0.05_seed-42_hash-3454525026.test_predictions.csv,1,none,562,numeric,results/0-bullet-is/model-gpt-5.1/gpt-5.1_task-ACSEmployment/gpt-5.1_bench-3683698684/ACSEmployment_subsampled-0.05_seed-42_hash-3454525026.test_responses.csv
ACSEmployment,gpt-5.1,1,1,1,0.45,balanced_accuracy,0.819,0.823510207417119,1731455759,0,bullet,is,original,default,,,results/0-bullet-is/model-gpt-5.1/gpt-5.1_task-ACSEmployment/gpt-5.1_bench-1731455759/results.bench-1731455759.json,results/0-bullet-is/model-gpt-5.1/gpt-5.1_task-ACSEmployment/gpt-5.1_bench-3482054231/ACSEmployment_subsampled-0.0155_seed-42_hash-1350489014.test_predictions.csv,1,medium,42,numeric,results/0-bullet-is/model-gpt-5.1/gpt-5.1_task-ACSEmployment/gpt-5.1_bench-3482054231/ACSEmployment_subsampled-0.0155_seed-42_hash-1350489014.test_responses.csv
ACSEmployment,gpt-5.1,1,1,1,0.41,balanced_accuracy,0.8172,0.822802591571369,2123839349,0,bullet,is,original,default,,,results/0-bullet-is/model-gpt-5.1/gpt-5.1_task-ACSEmployment/gpt-5.1_bench-2123839349/results.bench-2123839349.json,results/0-bullet-is/model-gpt-5.1/gpt-5.1_task-ACSEmployment/gpt-5.1_bench-3766848275/ACSEmployment_subsampled-0.0155_seed-42_hash-1350489014.test_predictions.csv,1,high,179,numeric,results/0-bullet-is/model-gpt-5.1/gpt-5.1_task-ACSEmployment/gpt-5.1_bench-3766848275/ACSEmployment_subsampled-0.0155_seed-42_hash-1350489014.test_responses.csv
ACSEmployment,gpt-5.1,1,1,1,0.42,balanced_accuracy,0.8046,0.8116996524017837,2198463204,0,bullet,is,original,default,,,results/0-bullet-is/model-gpt-5.1/gpt-5.1_task-ACSEmployment/gpt-5.1_bench-2198463204/results.bench-2198463204.json,results/0-bullet-is/model-gpt-5.1/gpt-5.1_task-ACSEmployment/gpt-5.1_bench-2079420851/ACSEmployment_subsampled-0.0155_seed-42_hash-1350489014.test_predictions.csv,1,none,179,numeric,results/0-bullet-is/model-gpt-5.1/gpt-5.1_task-ACSEmployment/gpt-5.1_bench-2079420851/ACSEmployment_subsampled-0.0155_seed-42_hash-1350489014.test_responses.csv
ACSEmployment,gpt-5.1,1,1,1,0.47,balanced_accuracy,0.8188616278351153,0.8216918818833077,2226118556,0,bullet,is,original,default,,,results/0-bullet-is/model-gpt-5.1/gpt-5.1_task-ACSEmployment/gpt-5.1_bench-2226118556/results.bench-2226118556.json,results/0-bullet-is/model-gpt-5.1/gpt-5.1_task-ACSEmployment/gpt-5.1_bench-6147829/ACSEmployment_subsampled-0.05_seed-42_hash-3454525026.test_predictions.csv,1,low,478,numeric,results/0-bullet-is/model-gpt-5.1/gpt-5.1_task-ACSEmployment/gpt-5.1_bench-6147829/ACSEmployment_subsampled-0.05_seed-42_hash-3454525026.test_responses.csv
ACSEmployment,gpt-5.1,1,1,1,0.44,balanced_accuracy,0.8196,0.8243688265301921,2732666641,0,bullet,is,original,default,,,results/0-bullet-is/model-gpt-5.1/gpt-5.1_task-ACSEmployment/gpt-5.1_bench-2732666641/results.bench-2732666641.json,results/0-bullet-is/model-gpt-5.1/gpt-5.1_task-ACSEmployment/gpt-5.1_bench-733938170/ACSEmployment_subsampled-0.0155_seed-42_hash-1350489014.test_predictions.csv,1,high,562,numeric,results/0-bullet-is/model-gpt-5.1/gpt-5.1_task-ACSEmployment/gpt-5.1_bench-733938170/ACSEmployment_subsampled-0.0155_seed-42_hash-1350489014.test_responses.csv
ACSEmployment,gpt-5.1,1,1,1,0.47,balanced_accuracy,0.813,0.81757069173547,2825864572,0,bullet,is,original,default,,,results/0-bullet-is/model-gpt-5.1/gpt-5.1_task-ACSEmployment/gpt-5.1_bench-2825864572/results.bench-2825864572.json,results/0-bullet-is/model-gpt-5.1/gpt-5.1_task-ACSEmployment/gpt-5.1_bench-2268403121/ACSEmployment_subsampled-0.0155_seed-42_hash-1350489014.test_predictions.csv,1,none,264,numeric,results/0-bullet-is/model-gpt-5.1/gpt-5.1_task-ACSEmployment/gpt-5.1_bench-2268403121/ACSEmployment_subsampled-0.0155_seed-42_hash-1350489014.test_responses.csv
ACSEmployment,gpt-5.1,1,1,1,0.44,balanced_accuracy,0.8206,0.8253976675082475,3258544062,0,bullet,is,original,default,,,results/0-bullet-is/model-gpt-5.1/gpt-5.1_task-ACSEmployment/gpt-5.1_bench-3258544062/results.bench-3258544062.json,results/0-bullet-is/model-gpt-5.1/gpt-5.1_task-ACSEmployment/gpt-5.1_bench-2249027296/ACSEmployment_subsampled-0.0155_seed-42_hash-1350489014.test_predictions.csv,1,high,42,numeric,results/0-bullet-is/model-gpt-5.1/gpt-5.1_task-ACSEmployment/gpt-5.1_bench-2249027296/ACSEmployment_subsampled-0.0155_seed-42_hash-1350489014.test_responses.csv
ACSEmployment,gpt-5.1,1,1,1,0.42,balanced_accuracy,0.8110747172609851,0.8173690742444482,3779234100,0,bullet,is,original,default,,,results/0-bullet-is/model-gpt-5.1/gpt-5.1_task-ACSEmployment/gpt-5.1_bench-3779234100/results.bench-3779234100.json,results/0-bullet-is/model-gpt-5.1/gpt-5.1_task-ACSEmployment/gpt-5.1_bench-3115457162/ACSEmployment_subsampled-0.05_seed-42_hash-3454525026.test_predictions.csv,1,none,478,numeric,results/0-bullet-is/model-gpt-5.1/gpt-5.1_task-ACSEmployment/gpt-5.1_bench-3115457162/ACSEmployment_subsampled-0.05_seed-42_hash-3454525026.test_responses.csv
ACSEmployment,gpt-5.1,1,1,1,0.45,balanced_accuracy,0.8203448488968543,0.8244096975482818,4032118707,0,bullet,is,original,default,,,results/0-bullet-is/model-gpt-5.1/gpt-5.1_task-ACSEmployment/gpt-5.1_bench-4032118707/results.bench-4032118707.json,results/0-bullet-is/model-gpt-5.1/gpt-5.1_task-ACSEmployment/gpt-5.1_bench-1770297853/ACSEmployment_subsampled-0.05_seed-42_hash-3454525026.test_predictions.csv,1,medium,478,numeric,results/0-bullet-is/model-gpt-5.1/gpt-5.1_task-ACSEmployment/gpt-5.1_bench-1770297853/ACSEmployment_subsampled-0.05_seed-42_hash-3454525026.test_responses.csv
ACSEmployment,gpt-5.1,1,1,1,0.42,balanced_accuracy,0.8104,0.8166783189508777,4166183550,0,bullet,is,original,default,,,results/0-bullet-is/model-gpt-5.1/gpt-5.1_task-ACSEmployment/gpt-5.1_bench-4166183550/results.bench-4166183550.json,results/0-bullet-is/model-gpt-5.1/gpt-5.1_task-ACSEmployment/gpt-5.1_bench-1624616811/ACSEmployment_subsampled-0.0155_seed-42_hash-1350489014.test_predictions.csv,1,low,562,numeric,results/0-bullet-is/model-gpt-5.1/gpt-5.1_task-ACSEmployment/gpt-5.1_bench-1624616811/ACSEmployment_subsampled-0.0155_seed-42_hash-1350489014.test_responses.csv
ACSEmployment,gpt-5.1,1,1,1,0.38,balanced_accuracy,0.8135467523638835,0.821061464255881,4206004469,0,bullet,is,original,default,,,results/0-bullet-is/model-gpt-5.1/gpt-5.1_task-ACSEmployment/gpt-5.1_bench-4206004469/results.bench-4206004469.json,results/0-bullet-is/model-gpt-5.1/gpt-5.1_task-ACSEmployment/gpt-5.1_bench-1150260595/ACSEmployment_subsampled-0.05_seed-42_hash-3454525026.test_predictions.csv,1,high,478,numeric,results/0-bullet-is/model-gpt-5.1/gpt-5.1_task-ACSEmployment/gpt-5.1_bench-1150260595/ACSEmployment_subsampled-0.05_seed-42_hash-3454525026.test_responses.csv
ACSEmployment,gpt-5.1,1,1,1,0.5,balanced_accuracy,0.823,0.8254848779514073,44557591,0,bullet,is,original,default,,,results/0-bullet-is/model-gpt-5.1/gpt-5.1_task-ACSEmployment/gpt-5.1_bench-44557591/results.bench-44557591.json,results/0-bullet-is/model-gpt-5.1/gpt-5.1_task-ACSEmployment/gpt-5.1_bench-44557591/ACSEmployment_subsampled-0.0155_seed-42_hash-1350489014.test_predictions.csv,1,high,264,numeric,results/0-bullet-is/model-gpt-5.1/gpt-5.1_task-ACSEmployment/gpt-5.1_bench-44557591/ACSEmployment_subsampled-0.0155_seed-42_hash-1350489014.test_responses.csv
ACSEmployment,gpt-5.1,1,1,1,0.42,balanced_accuracy,0.8062,0.8133535823062285,508474999,0,bullet,is,original,default,,,results/0-bullet-is/model-gpt-5.1/gpt-5.1_task-ACSEmployment/gpt-5.1_bench-508474999/results.bench-508474999.json,results/0-bullet-is/model-gpt-5.1/gpt-5.1_task-ACSEmployment/gpt-5.1_bench-2087455191/ACSEmployment_subsampled-0.0155_seed-42_hash-1350489014.test_predictions.csv,1,none,42,numeric,results/0-bullet-is/model-gpt-5.1/gpt-5.1_task-ACSEmployment/gpt-5.1_bench-2087455191/ACSEmployment_subsampled-0.0155_seed-42_hash-1350489014.test_responses.csv
ACSEmployment,gpt-5.1,1,1,1,0.45,balanced_accuracy,0.817,0.8215692905543499,577890442,0,bullet,is,original,default,,,results/0-bullet-is/model-gpt-5.1/gpt-5.1_task-ACSEmployment/gpt-5.1_bench-577890442/results.bench-577890442.json,results/0-bullet-is/model-gpt-5.1/gpt-5.1_task-ACSEmployment/gpt-5.1_bench-1527479421/ACSEmployment_subsampled-0.0155_seed-42_hash-1350489014.test_predictions.csv,1,medium,562,numeric,results/0-bullet-is/model-gpt-5.1/gpt-5.1_task-ACSEmployment/gpt-5.1_bench-1527479421/ACSEmployment_subsampled-0.0155_seed-42_hash-1350489014.test_responses.csv
ACSEmployment,gpt-5.2,1,1,1,0.34,balanced_accuracy,0.807,0.8141610864095605,1114876093,0,bullet,is,original,default,,,results/0-bullet-is/model-gpt-5.2/gpt-5.2_task-ACSEmployment/gpt-5.2_bench-1114876093/results.bench-1114876093.json,results/0-bullet-is/model-gpt-5.2/gpt-5.2_task-ACSEmployment/gpt-5.2_bench-3839255153/ACSEmployment_subsampled-0.0155_seed-42_hash-1350489014.test_predictions.csv,1,low,562,numeric,results/0-bullet-is/model-gpt-5.2/gpt-5.2_task-ACSEmployment/gpt-5.2_bench-3839255153/ACSEmployment_subsampled-0.0155_seed-42_hash-1350489014.test_responses.csv
ACSEmployment,gpt-5.2,1,1,1,0.37,balanced_accuracy,0.8114455225264199,0.8176105967810854,1838302694,0,bullet,is,original,default,,,results/0-bullet-is/model-gpt-5.2/gpt-5.2_task-ACSEmployment/gpt-5.2_bench-1838302694/results.bench-1838302694.json,results/0-bullet-is/model-gpt-5.2/gpt-5.2_task-ACSEmployment/gpt-5.2_bench-3270098583/ACSEmployment_subsampled-0.05_seed-42_hash-3454525026.test_predictions.csv,1,none,562,numeric,results/0-bullet-is/model-gpt-5.2/gpt-5.2_task-ACSEmployment/gpt-5.2_bench-3270098583/ACSEmployment_subsampled-0.05_seed-42_hash-3454525026.test_responses.csv
ACSEmployment,gpt-5.2,1,1,1,0.4,balanced_accuracy,0.8184,0.823352178864097,2101927587,0,bullet,is,original,default,,,results/0-bullet-is/model-gpt-5.2/gpt-5.2_task-ACSEmployment/gpt-5.2_bench-2101927587/results.bench-2101927587.json,results/0-bullet-is/model-gpt-5.2/gpt-5.2_task-ACSEmployment/gpt-5.2_bench-3910002074/ACSEmployment_subsampled-0.0155_seed-42_hash-1350489014.test_predictions.csv,1,high,562,numeric,results/0-bullet-is/model-gpt-5.2/gpt-5.2_task-ACSEmployment/gpt-5.2_bench-3910002074/ACSEmployment_subsampled-0.0155_seed-42_hash-1350489014.test_responses.csv
ACSEmployment,gpt-5.2,1,1,1,0.32,balanced_accuracy,0.805,0.8131932119913068,2328602427,0,bullet,is,original,default,,,results/0-bullet-is/model-gpt-5.2/gpt-5.2_task-ACSEmployment/gpt-5.2_bench-2328602427/results.bench-2328602427.json,results/0-bullet-is/model-gpt-5.2/gpt-5.2_task-ACSEmployment/gpt-5.2_bench-2207612290/ACSEmployment_subsampled-0.0155_seed-42_hash-1350489014.test_predictions.csv,1,medium,42,numeric,results/0-bullet-is/model-gpt-5.2/gpt-5.2_task-ACSEmployment/gpt-5.2_bench-2207612290/ACSEmployment_subsampled-0.0155_seed-42_hash-1350489014.test_responses.csv
ACSEmployment,gpt-5.2,1,1,1,0.44,balanced_accuracy,0.8204066497744268,0.8227478029232764,2528040463,0,bullet,is,original,default,,,results/0-bullet-is/model-gpt-5.2/gpt-5.2_task-ACSEmployment/gpt-5.2_bench-2528040463/results.bench-2528040463.json,results/0-bullet-is/model-gpt-5.2/gpt-5.2_task-ACSEmployment/gpt-5.2_bench-788534645/ACSEmployment_subsampled-0.05_seed-42_hash-3454525026.test_predictions.csv,1,medium,478,numeric,results/0-bullet-is/model-gpt-5.2/gpt-5.2_task-ACSEmployment/gpt-5.2_bench-788534645/ACSEmployment_subsampled-0.05_seed-42_hash-3454525026.test_responses.csv
ACSEmployment,gpt-5.2,1,1,1,0.47,balanced_accuracy,0.8168,0.8176114706926884,2687567297,0,bullet,is,original,default,,,results/0-bullet-is/model-gpt-5.2/gpt-5.2_task-ACSEmployment/gpt-5.2_bench-2687567297/results.bench-2687567297.json,results/0-bullet-is/model-gpt-5.2/gpt-5.2_task-ACSEmployment/gpt-5.2_bench-541816718/ACSEmployment_subsampled-0.0155_seed-42_hash-1350489014.test_predictions.csv,1,none,264,numeric,results/0-bullet-is/model-gpt-5.2/gpt-5.2_task-ACSEmployment/gpt-5.2_bench-541816718/ACSEmployment_subsampled-0.0155_seed-42_hash-1350489014.test_responses.csv
ACSEmployment,gpt-5.2,1,1,1,0.35,balanced_accuracy,0.81,0.8171308442503851,340871523,0,bullet,is,original,default,,,results/0-bullet-is/model-gpt-5.2/gpt-5.2_task-ACSEmployment/gpt-5.2_bench-340871523/results.bench-340871523.json,results/0-bullet-is/model-gpt-5.2/gpt-5.2_task-ACSEmployment/gpt-5.2_bench-794087075/ACSEmployment_subsampled-0.0155_seed-42_hash-1350489014.test_predictions.csv,1,low,42,numeric,results/0-bullet-is/model-gpt-5.2/gpt-5.2_task-ACSEmployment/gpt-5.2_bench-794087075/ACSEmployment_subsampled-0.0155_seed-42_hash-1350489014.test_responses.csv
ACSEmployment,gpt-5.2,1,1,1,0.35,balanced_accuracy,0.81,0.8168583923659208,3510103454,0,bullet,is,original,default,,,results/0-bullet-is/model-gpt-5.2/gpt-5.2_task-ACSEmployment/gpt-5.2_bench-3510103454/results.bench-3510103454.json,results/0-bullet-is/model-gpt-5.2/gpt-5.2_task-ACSEmployment/gpt-5.2_bench-3376615306/ACSEmployment_subsampled-0.0155_seed-42_hash-1350489014.test_predictions.csv,1,medium,562,numeric,results/0-bullet-is/model-gpt-5.2/gpt-5.2_task-ACSEmployment/gpt-5.2_bench-3376615306/ACSEmployment_subsampled-0.0155_seed-42_hash-1350489014.test_responses.csv
ACSEmployment,gpt-5.2,1,1,1,0.4,balanced_accuracy,0.8084,0.8138422030391548,3600378408,0,bullet,is,original,default,,,results/0-bullet-is/model-gpt-5.2/gpt-5.2_task-ACSEmployment/gpt-5.2_bench-3600378408/results.bench-3600378408.json,results/0-bullet-is/model-gpt-5.2/gpt-5.2_task-ACSEmployment/gpt-5.2_bench-1772950407/ACSEmployment_subsampled-0.0155_seed-42_hash-1350489014.test_predictions.csv,1,none,42,numeric,results/0-bullet-is/model-gpt-5.2/gpt-5.2_task-ACSEmployment/gpt-5.2_bench-1772950407/ACSEmployment_subsampled-0.0155_seed-42_hash-1350489014.test_responses.csv
ACSEmployment,gpt-5.2,1,1,1,0.4,balanced_accuracy,0.8176,0.8223500662718617,3844436239,0,bullet,is,original,default,,,results/0-bullet-is/model-gpt-5.2/gpt-5.2_task-ACSEmployment/gpt-5.2_bench-3844436239/results.bench-3844436239.json,results/0-bullet-is/model-gpt-5.2/gpt-5.2_task-ACSEmployment/gpt-5.2_bench-1703255573/ACSEmployment_subsampled-0.0155_seed-42_hash-1350489014.test_predictions.csv,1,high,264,numeric,results/0-bullet-is/model-gpt-5.2/gpt-5.2_task-ACSEmployment/gpt-5.2_bench-1703255573/ACSEmployment_subsampled-0.0155_seed-42_hash-1350489014.test_responses.csv
ACSEmployment,gpt-5.2,1,1,1,0.38,balanced_accuracy,0.8078,0.8145015301395254,407158017,0,bullet,is,original,default,,,results/0-bullet-is/model-gpt-5.2/gpt-5.2_task-ACSEmployment/gpt-5.2_bench-407158017/results.bench-407158017.json,results/0-bullet-is/model-gpt-5.2/gpt-5.2_task-ACSEmployment/gpt-5.2_bench-2031385453/ACSEmployment_subsampled-0.0155_seed-42_hash-1350489014.test_predictions.csv,1,none,179,numeric,results/0-bullet-is/model-gpt-5.2/gpt-5.2_task-ACSEmployment/gpt-5.2_bench-2031385453/ACSEmployment_subsampled-0.0155_seed-42_hash-1350489014.test_responses.csv
ACSEmployment,gpt-5.2,1,1,1,0.36,balanced_accuracy,0.8178,0.8240115059644675,4142930548,0,bullet,is,original,default,,,results/0-bullet-is/model-gpt-5.2/gpt-5.2_task-ACSEmployment/gpt-5.2_bench-4142930548/results.bench-4142930548.json,results/0-bullet-is/model-gpt-5.2/gpt-5.2_task-ACSEmployment/gpt-5.2_bench-1366526376/ACSEmployment_subsampled-0.0155_seed-42_hash-1350489014.test_predictions.csv,1,high,179,numeric,results/0-bullet-is/model-gpt-5.2/gpt-5.2_task-ACSEmployment/gpt-5.2_bench-1366526376/ACSEmployment_subsampled-0.0155_seed-42_hash-1350489014.test_responses.csv
ACSEmployment,gpt-5.2,1,1,1,0.48,balanced_accuracy,0.8192942339781225,0.8197206527136736,482242852,0,bullet,is,original,default,,,results/0-bullet-is/model-gpt-5.2/gpt-5.2_task-ACSEmployment/gpt-5.2_bench-482242852/results.bench-482242852.json,results/0-bullet-is/model-gpt-5.2/gpt-5.2_task-ACSEmployment/gpt-5.2_bench-2858944771/ACSEmployment_subsampled-0.05_seed-42_hash-3454525026.test_predictions.csv,1,low,478,numeric,results/0-bullet-is/model-gpt-5.2/gpt-5.2_task-ACSEmployment/gpt-5.2_bench-2858944771/ACSEmployment_subsampled-0.05_seed-42_hash-3454525026.test_responses.csv
ACSEmployment,gpt-5.2,1,1,1,0.43,balanced_accuracy,0.8214,0.8245704603047941,539794347,0,bullet,is,original,default,,,results/0-bullet-is/model-gpt-5.2/gpt-5.2_task-ACSEmployment/gpt-5.2_bench-539794347/results.bench-539794347.json,results/0-bullet-is/model-gpt-5.2/gpt-5.2_task-ACSEmployment/gpt-5.2_bench-3174393863/ACSEmployment_subsampled-0.0155_seed-42_hash-1350489014.test_predictions.csv,1,high,42,numeric,results/0-bullet-is/model-gpt-5.2/gpt-5.2_task-ACSEmployment/gpt-5.2_bench-3174393863/ACSEmployment_subsampled-0.0155_seed-42_hash-1350489014.test_responses.csv
ACSEmployment,gpt-5.2,1,1,1,0.5,balanced_accuracy,0.8217552533992584,0.8223779632142754,594249686,0,bullet,is,original,default,,,results/0-bullet-is/model-gpt-5.2/gpt-5.2_task-ACSEmployment/gpt-5.2_bench-594249686/results.bench-594249686.json,results/0-bullet-is/model-gpt-5.2/gpt-5.2_task-ACSEmployment/gpt-5.2_bench-594249686/ACSEmployment_subsampled-0.05_seed-42_hash-3454525026.test_predictions.csv,1,high,478,numeric,results/0-bullet-is/model-gpt-5.2/gpt-5.2_task-ACSEmployment/gpt-5.2_bench-594249686/ACSEmployment_subsampled-0.05_seed-42_hash-3454525026.test_responses.csv
ACSEmployment,gpt-5.2,1,1,1,0.42,balanced_accuracy,0.8137939558741734,0.8180605596338397,824950537,0,bullet,is,original,default,,,results/0-bullet-is/model-gpt-5.2/gpt-5.2_task-ACSEmployment/gpt-5.2_bench-824950537/results.bench-824950537.json,results/0-bullet-is/model-gpt-5.2/gpt-5.2_task-ACSEmployment/gpt-5.2_bench-3011976824/ACSEmployment_subsampled-0.05_seed-42_hash-3454525026.test_predictions.csv,1,none,478,numeric,results/0-bullet-is/model-gpt-5.2/gpt-5.2_task-ACSEmployment/gpt-5.2_bench-3011976824/ACSEmployment_subsampled-0.05_seed-42_hash-3454525026.test_responses.csv
ACSEmployment,gpt-5.4,1,1,1,0.46,balanced_accuracy,0.8224,0.8259106748650944,1041487678,0,bullet,is,original,default,,,results/0-bullet-is/model-gpt-5.4/gpt-5.4_task-ACSEmployment/gpt-5.4_bench-1041487678/results.bench-1041487678.json,results/0-bullet-is/model-gpt-5.4/gpt-5.4_task-ACSEmployment/gpt-5.4_bench-3520536574/ACSEmployment_subsampled-0.0155_seed-42_hash-1350489014.test_predictions.csv,1,high,42,numeric,results/0-bullet-is/model-gpt-5.4/gpt-5.4_task-ACSEmployment/gpt-5.4_bench-3520536574/ACSEmployment_subsampled-0.0155_seed-42_hash-1350489014.test_responses.csv
ACSEmployment,gpt-5.4,1,1,1,0.43,balanced_accuracy,0.821547780937075,0.8265087210253823,1345535336,0,bullet,is,original,default,,,results/0-bullet-is/model-gpt-5.4/gpt-5.4_task-ACSEmployment/gpt-5.4_bench-1345535336/results.bench-1345535336.json,results/0-bullet-is/model-gpt-5.4/gpt-5.4_task-ACSEmployment/gpt-5.4_bench-1248576351/ACSEmployment_subsampled-0.05_seed-42_hash-3454525026.test_predictions.csv,1,high,478,numeric,results/0-bullet-is/model-gpt-5.4/gpt-5.4_task-ACSEmployment/gpt-5.4_bench-1248576351/ACSEmployment_subsampled-0.05_seed-42_hash-3454525026.test_responses.csv
ACSEmployment,gpt-5.4,1,1,1,0.42,balanced_accuracy,0.8194,0.8250816104022033,1480957636,0,bullet,is,original,default,,,results/0-bullet-is/model-gpt-5.4/gpt-5.4_task-ACSEmployment/gpt-5.4_bench-1480957636/results.bench-1480957636.json,results/0-bullet-is/model-gpt-5.4/gpt-5.4_task-ACSEmployment/gpt-5.4_bench-4217175055/ACSEmployment_subsampled-0.0155_seed-42_hash-1350489014.test_predictions.csv,1,medium,42,numeric,results/0-bullet-is/model-gpt-5.4/gpt-5.4_task-ACSEmployment/gpt-5.4_bench-4217175055/ACSEmployment_subsampled-0.0155_seed-42_hash-1350489014.test_responses.csv
ACSEmployment,gpt-5.4,1,1,1,0.42,balanced_accuracy,0.815389369592089,0.8206634730949094,1656273416,0,bullet,is,original,default,,,results/0-bullet-is/model-gpt-5.4/gpt-5.4_task-ACSEmployment/gpt-5.4_bench-1656273416/results.bench-1656273416.json,results/0-bullet-is/model-gpt-5.4/gpt-5.4_task-ACSEmployment/gpt-5.4_bench-2813789921/ACSEmployment_subsampled-0.05_seed-42_hash-3454525026.test_predictions.csv,1,none,478,numeric,results/0-bullet-is/model-gpt-5.4/gpt-5.4_task-ACSEmployment/gpt-5.4_bench-2813789921/ACSEmployment_subsampled-0.05_seed-42_hash-3454525026.test_responses.csv
ACSEmployment,gpt-5.4,1,1,1,0.42,balanced_accuracy,0.8202,0.8262783314833415,1797801865,0,bullet,is,original,default,,,results/0-bullet-is/model-gpt-5.4/gpt-5.4_task-ACSEmployment/gpt-5.4_bench-1797801865/results.bench-1797801865.json,results/0-bullet-is/model-gpt-5.4/gpt-5.4_task-ACSEmployment/gpt-5.4_bench-3318811374/ACSEmployment_subsampled-0.0155_seed-42_hash-1350489014.test_predictions.csv,1,high,179,numeric,results/0-bullet-is/model-gpt-5.4/gpt-5.4_task-ACSEmployment/gpt-5.4_bench-3318811374/ACSEmployment_subsampled-0.0155_seed-42_hash-1350489014.test_responses.csv
ACSEmployment,gpt-5.4,1,1,1,0.4,balanced_accuracy,0.8179346146715283,0.8234402352787198,1943273564,0,bullet,is,original,default,,,results/0-bullet-is/model-gpt-5.4/gpt-5.4_task-ACSEmployment/gpt-5.4_bench-1943273564/results.bench-1943273564.json,results/0-bullet-is/model-gpt-5.4/gpt-5.4_task-ACSEmployment/gpt-5.4_bench-3191856675/ACSEmployment_subsampled-0.05_seed-42_hash-3454525026.test_predictions.csv,1,low,478,numeric,results/0-bullet-is/model-gpt-5.4/gpt-5.4_task-ACSEmployment/gpt-5.4_bench-3191856675/ACSEmployment_subsampled-0.05_seed-42_hash-3454525026.test_responses.csv
ACSEmployment,gpt-5.4,1,1,1,0.43,balanced_accuracy,0.8175638094060935,0.8213919015155307,2500028707,0,bullet,is,original,default,,,results/0-bullet-is/model-gpt-5.4/gpt-5.4_task-ACSEmployment/gpt-5.4_bench-2500028707/results.bench-2500028707.json,results/0-bullet-is/model-gpt-5.4/gpt-5.4_task-ACSEmployment/gpt-5.4_bench-609496453/ACSEmployment_subsampled-0.05_seed-42_hash-3454525026.test_predictions.csv,1,none,562,numeric,results/0-bullet-is/model-gpt-5.4/gpt-5.4_task-ACSEmployment/gpt-5.4_bench-609496453/ACSEmployment_subsampled-0.05_seed-42_hash-3454525026.test_responses.csv
ACSEmployment,gpt-5.4,1,1,1,0.46,balanced_accuracy,0.8231292517006803,0.8267967438994175,3004053217,0,bullet,is,original,default,,,results/0-bullet-is/model-gpt-5.4/gpt-5.4_task-ACSEmployment/gpt-5.4_bench-3004053217/results.bench-3004053217.json,results/0-bullet-is/model-gpt-5.4/gpt-5.4_task-ACSEmployment/gpt-5.4_bench-3390335482/ACSEmployment_subsampled-0.0155_seed-42_hash-1350489014.test_predictions.csv,1,high,264,numeric,results/0-bullet-is/model-gpt-5.4/gpt-5.4_task-ACSEmployment/gpt-5.4_bench-3390335482/ACSEmployment_subsampled-0.0155_seed-42_hash-1350489014.test_responses.csv
ACSEmployment,gpt-5.4,1,1,1,0.43,balanced_accuracy,0.818,0.82224783625238,3006203167,0,bullet,is,original,default,,,results/0-bullet-is/model-gpt-5.4/gpt-5.4_task-ACSEmployment/gpt-5.4_bench-3006203167/results.bench-3006203167.json,results/0-bullet-is/model-gpt-5.4/gpt-5.4_task-ACSEmployment/gpt-5.4_bench-819278804/ACSEmployment_subsampled-0.0155_seed-42_hash-1350489014.test_predictions.csv,1,low,42,numeric,results/0-bullet-is/model-gpt-5.4/gpt-5.4_task-ACSEmployment/gpt-5.4_bench-819278804/ACSEmployment_subsampled-0.0155_seed-42_hash-1350489014.test_responses.csv
ACSEmployment,gpt-5.4,1,1,1,0.48,balanced_accuracy,0.8248,0.8270876928461112,3546905729,0,bullet,is,original,default,,,results/0-bullet-is/model-gpt-5.4/gpt-5.4_task-ACSEmployment/gpt-5.4_bench-3546905729/results.bench-3546905729.json,results/0-bullet-is/model-gpt-5.4/gpt-5.4_task-ACSEmployment/gpt-5.4_bench-310254062/ACSEmployment_subsampled-0.0155_seed-42_hash-1350489014.test_predictions.csv,1,high,562,numeric,results/0-bullet-is/model-gpt-5.4/gpt-5.4_task-ACSEmployment/gpt-5.4_bench-310254062/ACSEmployment_subsampled-0.0155_seed-42_hash-1350489014.test_responses.csv
ACSEmployment,gpt-5.4,1,1,1,0.42,balanced_accuracy,0.8096,0.8156372846608619,3682642455,0,bullet,is,original,default,,,results/0-bullet-is/model-gpt-5.4/gpt-5.4_task-ACSEmployment/gpt-5.4_bench-3682642455/results.bench-3682642455.json,results/0-bullet-is/model-gpt-5.4/gpt-5.4_task-ACSEmployment/gpt-5.4_bench-1783811207/ACSEmployment_subsampled-0.0155_seed-42_hash-1350489014.test_predictions.csv,1,none,42,numeric,results/0-bullet-is/model-gpt-5.4/gpt-5.4_task-ACSEmployment/gpt-5.4_bench-1783811207/ACSEmployment_subsampled-0.0155_seed-42_hash-1350489014.test_responses.csv
ACSEmployment,gpt-5.4,1,1,1,0.44,balanced_accuracy,0.8138,0.8170937798120421,3778197823,0,bullet,is,original,default,,,results/0-bullet-is/model-gpt-5.4/gpt-5.4_task-ACSEmployment/gpt-5.4_bench-3778197823/results.bench-3778197823.json,results/0-bullet-is/model-gpt-5.4/gpt-5.4_task-ACSEmployment/gpt-5.4_bench-1013381487/ACSEmployment_subsampled-0.0155_seed-42_hash-1350489014.test_predictions.csv,1,none,264,numeric,results/0-bullet-is/model-gpt-5.4/gpt-5.4_task-ACSEmployment/gpt-5.4_bench-1013381487/ACSEmployment_subsampled-0.0155_seed-42_hash-1350489014.test_responses.csv
ACSEmployment,gpt-5.4,1,1,1,0.46,balanced_accuracy,0.8230712166172107,0.8261697679849003,3882558494,0,bullet,is,original,default,,,results/0-bullet-is/model-gpt-5.4/gpt-5.4_task-ACSEmployment/gpt-5.4_bench-3882558494/results.bench-3882558494.json,results/0-bullet-is/model-gpt-5.4/gpt-5.4_task-ACSEmployment/gpt-5.4_bench-2141716553/ACSEmployment_subsampled-0.05_seed-42_hash-3454525026.test_predictions.csv,1,medium,478,numeric,results/0-bullet-is/model-gpt-5.4/gpt-5.4_task-ACSEmployment/gpt-5.4_bench-2141716553/ACSEmployment_subsampled-0.05_seed-42_hash-3454525026.test_responses.csv
ACSEmployment,gpt-5.4,1,1,1,0.39,balanced_accuracy,0.8094,0.815883008159506,3962804075,0,bullet,is,original,default,,,results/0-bullet-is/model-gpt-5.4/gpt-5.4_task-ACSEmployment/gpt-5.4_bench-3962804075/results.bench-3962804075.json,results/0-bullet-is/model-gpt-5.4/gpt-5.4_task-ACSEmployment/gpt-5.4_bench-2282774158/ACSEmployment_subsampled-0.0155_seed-42_hash-1350489014.test_predictions.csv,1,none,179,numeric,results/0-bullet-is/model-gpt-5.4/gpt-5.4_task-ACSEmployment/gpt-5.4_bench-2282774158/ACSEmployment_subsampled-0.0155_seed-42_hash-1350489014.test_responses.csv
ACSEmployment,gpt-5.4,1,1,1,0.49,balanced_accuracy,0.8222,0.8238600181946825,414521392,0,bullet,is,original,default,,,results/0-bullet-is/model-gpt-5.4/gpt-5.4_task-ACSEmployment/gpt-5.4_bench-414521392/results.bench-414521392.json,results/0-bullet-is/model-gpt-5.4/gpt-5.4_task-ACSEmployment/gpt-5.4_bench-920742908/ACSEmployment_subsampled-0.0155_seed-42_hash-1350489014.test_predictions.csv,1,medium,562,numeric,results/0-bullet-is/model-gpt-5.4/gpt-5.4_task-ACSEmployment/gpt-5.4_bench-920742908/ACSEmployment_subsampled-0.0155_seed-42_hash-1350489014.test_responses.csv
ACSEmployment,gpt-5.4,1,1,1,0.43,balanced_accuracy,0.8187637527505501,0.8231315613458574,589875911,0,bullet,is,original,default,,,results/0-bullet-is/model-gpt-5.4/gpt-5.4_task-ACSEmployment/gpt-5.4_bench-589875911/results.bench-589875911.json,results/0-bullet-is/model-gpt-5.4/gpt-5.4_task-ACSEmployment/gpt-5.4_bench-3175689648/ACSEmployment_subsampled-0.0155_seed-42_hash-1350489014.test_predictions.csv,1,low,562,numeric,results/0-bullet-is/model-gpt-5.4/gpt-5.4_task-ACSEmployment/gpt-5.4_bench-3175689648/ACSEmployment_subsampled-0.0155_seed-42_hash-1350489014.test_responses.csv
